sku_id,date,forecast,baseline,lower_80,upper_80
NB-1000,2025-12-31,9.6,13.0,5.09,14.12
NB-1000,2026-01-01,10.31,13.0,5.8,14.83
NB-1000,2026-01-02,9.95,12.0,5.43,14.47
NB-1000,2026-01-03,10.03,6.0,5.51,14.54
NB-1000,2026-01-04,9.91,8.0,5.4,14.43
NB-1000,2026-01-05,10.04,10.0,5.53,14.56
NB-1000,2026-01-06,10.6,9.0,6.08,15.11
NB-1001,2025-12-31,48.05,46.0,24.71,71.39
NB-1001,2026-01-01,52.66,71.0,29.32,76.0
NB-1001,2026-01-02,48.5,41.0,25.16,71.85
NB-1001,2026-01-03,50.43,36.0,27.09,73.77
NB-1001,2026-01-04,50.15,32.0,26.81,73.49
NB-1001,2026-01-05,52.23,69.0,28.89,75.57
NB-1001,2026-01-06,40.5,60.0,17.16,63.84
NB-1002,2025-12-31,37.68,6.0,13.5,61.86
NB-1002,2026-01-01,39.19,23.0,15.01,63.37
NB-1002,2026-01-02,38.62,14.0,14.44,62.81
NB-1002,2026-01-03,39.35,69.0,15.16,63.53
NB-1002,2026-01-04,38.62,28.0,14.43,62.8
NB-1002,2026-01-05,38.02,31.0,13.84,62.2
NB-1002,2026-01-06,32.75,43.0,8.57,56.93
NB-1003,2025-12-31,21.85,27.0,14.8,28.89
NB-1003,2026-01-01,23.32,21.0,16.28,30.37
NB-1003,2026-01-02,23.55,21.0,16.5,30.6
NB-1003,2026-01-03,23.34,24.0,16.29,30.39
NB-1003,2026-01-04,22.87,21.0,15.83,29.92
NB-1003,2026-01-05,22.99,23.0,15.94,30.04
NB-1003,2026-01-06,21.91,23.0,14.87,28.96
NB-1004,2025-12-31,21.42,11.0,4.88,37.96
NB-1004,2026-01-01,22.81,27.0,6.27,39.35
NB-1004,2026-01-02,22.26,24.0,5.72,38.8
NB-1004,2026-01-03,22.47,13.0,5.94,39.01
NB-1004,2026-01-04,22.77,14.0,6.23,39.3
NB-1004,2026-01-05,22.68,30.0,6.14,39.21
NB-1004,2026-01-06,21.5,25.0,4.97,38.04
NB-1005,2025-12-31,19.36,16.0,10.22,28.49
NB-1005,2026-01-01,20.64,41.0,11.51,29.78
NB-1005,2026-01-02,20.06,34.0,10.93,29.2
NB-1005,2026-01-03,20.08,12.0,10.94,29.21
NB-1005,2026-01-04,19.94,19.0,10.8,29.07
NB-1005,2026-01-05,19.71,18.0,10.57,28.84
NB-1005,2026-01-06,19.91,15.0,10.77,29.04
NB-1006,2025-12-31,19.87,20.0,10.82,28.92
NB-1006,2026-01-01,21.49,30.0,12.45,30.54
NB-1006,2026-01-02,21.36,27.0,12.31,30.41
NB-1006,2026-01-03,21.74,14.0,12.69,30.79
NB-1006,2026-01-04,21.96,29.0,12.91,31.0
NB-1006,2026-01-05,20.63,14.0,11.58,29.68
NB-1006,2026-01-06,21.24,17.0,12.19,30.29
NB-1007,2025-12-31,56.32,50.0,39.12,73.52
NB-1007,2026-01-01,58.15,59.0,40.95,75.35
NB-1007,2026-01-02,59.54,79.0,42.34,76.74
NB-1007,2026-01-03,55.36,66.0,38.16,72.56
NB-1007,2026-01-04,55.02,51.0,37.82,72.22
NB-1007,2026-01-05,56.38,31.0,39.18,73.58
NB-1007,2026-01-06,49.43,51.0,32.23,66.63
NB-1008,2025-12-31,21.89,26.0,12.99,30.8
NB-1008,2026-01-01,24.1,38.0,15.2,33.01
NB-1008,2026-01-02,23.84,22.0,14.94,32.75
NB-1008,2026-01-03,24.36,20.0,15.45,33.27
NB-1008,2026-01-04,24.88,24.0,15.98,33.79
NB-1008,2026-01-05,24.9,29.0,16.0,33.81
NB-1008,2026-01-06,23.41,29.0,14.51,32.32
NB-1009,2025-12-31,7.31,6.0,3.35,11.27
NB-1009,2026-01-01,7.92,4.0,3.96,11.88
NB-1009,2026-01-02,8.31,6.0,4.35,12.27
NB-1009,2026-01-03,8.23,7.0,4.27,12.19
NB-1009,2026-01-04,8.4,8.0,4.44,12.36
NB-1009,2026-01-05,8.24,5.0,4.27,12.2
NB-1009,2026-01-06,10.08,12.0,6.12,14.04
NB-1010,2025-12-31,9.75,20.0,5.43,14.07
NB-1010,2026-01-01,10.83,10.0,6.51,15.16
NB-1010,2026-01-02,10.63,9.0,6.31,14.96
NB-1010,2026-01-03,10.19,12.0,5.87,14.52
NB-1010,2026-01-04,10.12,7.0,5.8,14.45
NB-1010,2026-01-05,10.04,8.0,5.72,14.36
NB-1010,2026-01-06,11.12,10.0,6.8,15.44
NB-1011,2025-12-31,41.28,32.0,17.17,65.39
NB-1011,2026-01-01,41.99,62.0,17.88,66.11
NB-1011,2026-01-02,40.27,27.0,16.15,64.38
NB-1011,2026-01-03,41.72,25.0,17.61,65.84
NB-1011,2026-01-04,40.2,23.0,16.08,64.31
NB-1011,2026-01-05,41.59,34.0,17.48,65.71
NB-1011,2026-01-06,35.47,52.0,11.36,59.59
NB-1012,2025-12-31,12.87,5.0,5.56,20.17
NB-1012,2026-01-01,13.9,14.0,6.6,21.21
NB-1012,2026-01-02,13.86,29.0,6.55,21.16
NB-1012,2026-01-03,13.79,16.0,6.49,21.1
NB-1012,2026-01-04,13.49,17.0,6.18,20.79
NB-1012,2026-01-05,12.91,9.0,5.6,20.21
NB-1012,2026-01-06,13.59,8.0,6.29,20.9
NB-1013,2025-12-31,8.79,8.0,3.8,13.77
NB-1013,2026-01-01,9.74,9.0,4.76,14.72
NB-1013,2026-01-02,9.67,17.0,4.69,14.65
NB-1013,2026-01-03,8.92,7.0,3.94,13.9
NB-1013,2026-01-04,9.09,6.0,4.11,14.07
NB-1013,2026-01-05,8.91,1.0,3.93,13.89
NB-1013,2026-01-06,10.64,8.0,5.66,15.63
NB-1014,2025-12-31,13.72,11.0,8.99,18.46
NB-1014,2026-01-01,14.51,21.0,9.78,19.25
NB-1014,2026-01-02,14.2,13.0,9.46,18.93
NB-1014,2026-01-03,13.86,16.0,9.13,18.59
NB-1014,2026-01-04,13.79,14.0,9.05,18.52
NB-1014,2026-01-05,13.97,15.0,9.24,18.7
NB-1014,2026-01-06,13.69,8.0,8.95,18.42
NB-1015,2025-12-31,12.35,14.0,5.51,19.18
NB-1015,2026-01-01,14.17,13.0,7.33,21.01
NB-1015,2026-01-02,13.84,17.0,7.0,20.67
NB-1015,2026-01-03,13.25,8.0,6.41,20.09
NB-1015,2026-01-04,13.79,11.0,6.96,20.63
NB-1015,2026-01-05,13.03,15.0,6.19,19.87
NB-1015,2026-01-06,14.18,4.0,7.35,21.02
NB-1016,2025-12-31,69.13,74.0,33.4,104.87
NB-1016,2026-01-01,66.77,126.0,31.03,102.5
NB-1016,2026-01-02,71.64,54.0,35.9,107.37
NB-1016,2026-01-03,67.3,38.0,31.56,103.03
NB-1016,2026-01-04,66.28,96.0,30.54,102.01
NB-1016,2026-01-05,66.48,99.0,30.74,102.21
NB-1016,2026-01-06,51.11,69.0,15.38,86.85
NB-1017,2025-12-31,9.26,4.0,4.08,14.45
NB-1017,2026-01-01,10.4,13.0,5.21,15.58
NB-1017,2026-01-02,10.4,13.0,5.21,15.58
NB-1017,2026-01-03,10.44,14.0,5.26,15.63
NB-1017,2026-01-04,9.75,4.0,4.56,14.93
NB-1017,2026-01-05,10.49,9.0,5.3,15.67
NB-1017,2026-01-06,11.55,13.0,6.37,16.74
NB-1018,2025-12-31,37.23,22.0,16.56,57.9
NB-1018,2026-01-01,37.92,54.0,17.25,58.58
NB-1018,2026-01-02,36.11,38.0,15.45,56.78
NB-1018,2026-01-03,35.21,15.0,14.54,55.87
NB-1018,2026-01-04,36.49,29.0,15.82,57.16
NB-1018,2026-01-05,40.36,39.0,19.7,61.03
NB-1018,2026-01-06,31.05,24.0,10.39,51.72
NB-1019,2025-12-31,33.86,31.0,12.27,55.44
NB-1019,2026-01-01,36.22,64.0,14.63,57.8
NB-1019,2026-01-02,35.01,28.0,13.42,56.6
NB-1019,2026-01-03,36.2,24.0,14.61,57.78
NB-1019,2026-01-04,37.29,30.0,15.7,58.87
NB-1019,2026-01-05,33.57,26.0,11.99,55.16
NB-1019,2026-01-06,27.97,11.0,6.38,49.55
NB-1020,2025-12-31,9.12,8.0,3.87,14.37
NB-1020,2026-01-01,9.75,10.0,4.49,15.0
NB-1020,2026-01-02,9.78,9.0,4.53,15.03
NB-1020,2026-01-03,9.68,10.0,4.43,14.94
NB-1020,2026-01-04,9.99,4.0,4.73,15.24
NB-1020,2026-01-05,9.27,5.0,4.01,14.52
NB-1020,2026-01-06,10.29,8.0,5.04,15.55
NB-1021,2025-12-31,40.07,32.0,21.13,59.01
NB-1021,2026-01-01,38.23,58.0,19.29,57.17
NB-1021,2026-01-02,39.63,39.0,20.69,58.57
NB-1021,2026-01-03,37.8,37.0,18.86,56.74
NB-1021,2026-01-04,38.16,21.0,19.23,57.1
NB-1021,2026-01-05,39.56,59.0,20.62,58.5
NB-1021,2026-01-06,31.13,41.0,12.2,50.07
NB-1022,2025-12-31,13.77,7.0,6.79,20.75
NB-1022,2026-01-01,15.29,11.0,8.31,22.27
NB-1022,2026-01-02,15.18,27.0,8.2,22.16
NB-1022,2026-01-03,15.48,28.0,8.5,22.45
NB-1022,2026-01-04,14.66,16.0,7.68,21.64
NB-1022,2026-01-05,15.05,15.0,8.07,22.03
NB-1022,2026-01-06,14.8,16.0,7.82,21.78
NB-1023,2025-12-31,25.47,23.0,10.48,40.46
NB-1023,2026-01-01,27.11,54.0,12.12,42.1
NB-1023,2026-01-02,26.4,39.0,11.41,41.39
NB-1023,2026-01-03,26.36,7.0,11.37,41.35
NB-1023,2026-01-04,27.7,29.0,12.71,42.69
NB-1023,2026-01-05,26.38,34.0,11.39,41.37
NB-1023,2026-01-06,26.29,11.0,11.3,41.28
NB-1024,2025-12-31,19.37,23.0,10.39,28.35
NB-1024,2026-01-01,20.74,28.0,11.76,29.72
NB-1024,2026-01-02,20.17,17.0,11.19,29.15
NB-1024,2026-01-03,20.62,22.0,11.64,29.6
NB-1024,2026-01-04,19.89,9.0,10.91,28.87
NB-1024,2026-01-05,20.75,8.0,11.77,29.74
NB-1024,2026-01-06,20.09,26.0,11.11,29.07
NB-1025,2025-12-31,37.73,43.0,19.62,55.84
NB-1025,2026-01-01,41.38,83.0,23.27,59.49
NB-1025,2026-01-02,37.94,45.0,19.83,56.05
NB-1025,2026-01-03,40.23,49.0,22.12,58.34
NB-1025,2026-01-04,40.14,51.0,22.03,58.25
NB-1025,2026-01-05,40.08,27.0,21.97,58.19
NB-1025,2026-01-06,34.26,46.0,16.15,52.37
NB-1026,2025-12-31,10.19,10.0,4.6,15.78
NB-1026,2026-01-01,11.24,12.0,5.65,16.82
NB-1026,2026-01-02,10.77,14.0,5.18,16.36
NB-1026,2026-01-03,9.93,13.0,4.34,15.52
NB-1026,2026-01-04,9.78,11.0,4.19,15.37
NB-1026,2026-01-05,9.27,3.0,3.68,14.86
NB-1026,2026-01-06,10.44,7.0,4.85,16.03
NB-1027,2025-12-31,19.23,32.0,10.12,28.33
NB-1027,2026-01-01,19.38,37.0,10.28,28.49
NB-1027,2026-01-02,18.98,29.0,9.87,28.08
NB-1027,2026-01-03,18.81,15.0,9.7,27.91
NB-1027,2026-01-04,19.25,20.0,10.15,28.36
NB-1027,2026-01-05,20.26,21.0,11.15,29.36
NB-1027,2026-01-06,19.11,26.0,10.01,28.21
NB-1028,2025-12-31,28.64,31.0,17.89,39.38
NB-1028,2026-01-01,30.63,35.0,19.89,41.37
NB-1028,2026-01-02,30.99,18.0,20.24,41.73
NB-1028,2026-01-03,30.23,37.0,19.48,40.97
NB-1028,2026-01-04,30.23,36.0,19.49,40.97
NB-1028,2026-01-05,28.85,21.0,18.11,39.59
NB-1028,2026-01-06,28.25,30.0,17.5,38.99
NB-1029,2025-12-31,62.45,47.0,31.79,93.12
NB-1029,2026-01-01,62.71,75.0,32.05,93.37
NB-1029,2026-01-02,61.81,87.0,31.15,92.47
NB-1029,2026-01-03,56.92,57.0,26.26,87.58
NB-1029,2026-01-04,61.62,19.0,30.96,92.28
NB-1029,2026-01-05,54.47,87.0,23.81,85.13
NB-1029,2026-01-06,48.85,0.0,18.19,79.51
NB-1030,2025-12-31,13.88,16.0,6.85,20.92
NB-1030,2026-01-01,14.4,23.0,7.37,21.43
NB-1030,2026-01-02,14.0,9.0,6.96,21.03
NB-1030,2026-01-03,14.11,14.0,7.08,21.14
NB-1030,2026-01-04,14.06,8.0,7.03,21.09
NB-1030,2026-01-05,13.96,15.0,6.93,20.99
NB-1030,2026-01-06,12.54,14.0,5.51,19.57
NB-1031,2025-12-31,36.9,41.0,14.11,59.68
NB-1031,2026-01-01,40.02,64.0,17.24,62.81
NB-1031,2026-01-02,38.05,31.0,15.26,60.84
NB-1031,2026-01-03,36.59,27.0,13.8,59.38
NB-1031,2026-01-04,35.97,35.0,13.18,58.76
NB-1031,2026-01-05,34.17,23.0,11.39,56.96
NB-1031,2026-01-06,36.67,14.0,13.89,59.46
NB-1032,2025-12-31,31.63,34.0,21.79,41.48
NB-1032,2026-01-01,32.98,37.0,23.14,42.83
NB-1032,2026-01-02,33.38,31.0,23.53,43.22
NB-1032,2026-01-03,32.95,41.0,23.1,42.79
NB-1032,2026-01-04,33.06,33.0,23.22,42.91
NB-1032,2026-01-05,33.73,31.0,23.88,43.57
NB-1032,2026-01-06,30.95,36.0,21.11,40.8
NB-1033,2025-12-31,10.41,11.0,5.75,15.07
NB-1033,2026-01-01,11.86,16.0,7.2,16.52
NB-1033,2026-01-02,11.97,6.0,7.31,16.63
NB-1033,2026-01-03,11.61,11.0,6.95,16.27
NB-1033,2026-01-04,11.47,12.0,6.81,16.13
NB-1033,2026-01-05,11.7,12.0,7.04,16.36
NB-1033,2026-01-06,12.5,10.0,7.84,17.16
NB-1034,2025-12-31,10.13,13.0,5.56,14.69
NB-1034,2026-01-01,11.21,12.0,6.64,15.77
NB-1034,2026-01-02,11.73,13.0,7.17,16.3
NB-1034,2026-01-03,11.73,7.0,7.17,16.3
NB-1034,2026-01-04,11.49,4.0,6.92,16.05
NB-1034,2026-01-05,12.45,21.0,7.89,17.02
NB-1034,2026-01-06,12.22,9.0,7.65,16.78
NB-1035,2025-12-31,11.76,10.0,7.59,15.92
NB-1035,2026-01-01,13.08,13.0,8.92,17.24
NB-1035,2026-01-02,12.74,14.0,8.57,16.9
NB-1035,2026-01-03,13.1,9.0,8.94,17.26
NB-1035,2026-01-04,13.31,14.0,9.15,17.48
NB-1035,2026-01-05,13.72,15.0,9.56,17.88
NB-1035,2026-01-06,12.81,19.0,8.65,16.98
NB-1036,2025-12-31,9.96,14.0,3.65,16.27
NB-1036,2026-01-01,11.1,18.0,4.79,17.4
NB-1036,2026-01-02,10.77,4.0,4.46,17.08
NB-1036,2026-01-03,11.79,12.0,5.48,18.1
NB-1036,2026-01-04,11.79,11.0,5.48,18.1
NB-1036,2026-01-05,12.01,17.0,5.7,18.32
NB-1036,2026-01-06,9.46,11.0,3.15,15.77
NB-1037,2025-12-31,33.88,32.0,18.7,49.06
NB-1037,2026-01-01,35.49,58.0,20.31,50.68
NB-1037,2026-01-02,35.61,26.0,20.43,50.79
NB-1037,2026-01-03,36.9,28.0,21.72,52.08
NB-1037,2026-01-04,36.87,48.0,21.69,52.05
NB-1037,2026-01-05,34.76,37.0,19.58,49.94
NB-1037,2026-01-06,31.3,18.0,16.12,46.48
NB-1038,2025-12-31,14.37,8.0,3.6,25.15
NB-1038,2026-01-01,15.91,15.0,5.13,26.68
NB-1038,2026-01-02,15.63,9.0,4.85,26.4
NB-1038,2026-01-03,15.76,10.0,4.99,26.53
NB-1038,2026-01-04,16.43,6.0,5.65,27.2
NB-1038,2026-01-05,16.85,16.0,6.08,27.63
NB-1038,2026-01-06,15.78,24.0,5.01,26.56
NB-1039,2025-12-31,30.07,37.0,15.96,44.19
NB-1039,2026-01-01,30.87,39.0,16.76,44.99
NB-1039,2026-01-02,30.79,19.0,16.68,44.9
NB-1039,2026-01-03,30.7,25.0,16.59,44.81
NB-1039,2026-01-04,33.31,26.0,19.2,47.42
NB-1039,2026-01-05,32.51,38.0,18.4,46.63
NB-1039,2026-01-06,29.77,31.0,15.66,43.88
NB-1040,2025-12-31,22.89,22.0,10.35,35.43
NB-1040,2026-01-01,24.31,17.0,11.77,36.85
NB-1040,2026-01-02,24.77,20.0,12.23,37.31
NB-1040,2026-01-03,25.24,28.0,12.7,37.78
NB-1040,2026-01-04,25.0,19.0,12.46,37.55
NB-1040,2026-01-05,24.84,24.0,12.3,37.38
NB-1040,2026-01-06,22.49,40.0,9.95,35.03
NB-1041,2025-12-31,17.1,8.0,7.85,26.34
NB-1041,2026-01-01,17.47,20.0,8.22,26.71
NB-1041,2026-01-02,17.91,21.0,8.67,27.16
NB-1041,2026-01-03,17.8,23.0,8.56,27.04
NB-1041,2026-01-04,17.05,20.0,7.81,26.3
NB-1041,2026-01-05,15.15,5.0,5.9,24.39
NB-1041,2026-01-06,17.8,12.0,8.56,27.05
NB-1042,2025-12-31,51.99,55.0,32.91,71.06
NB-1042,2026-01-01,55.56,84.0,36.49,74.64
NB-1042,2026-01-02,51.91,49.0,32.84,70.99
NB-1042,2026-01-03,55.47,74.0,36.39,74.54
NB-1042,2026-01-04,53.73,58.0,34.66,72.81
NB-1042,2026-01-05,51.3,56.0,32.23,70.38
NB-1042,2026-01-06,46.17,68.0,27.09,65.24
NB-1043,2025-12-31,55.22,59.0,32.95,77.48
NB-1043,2026-01-01,61.32,74.0,39.05,83.59
NB-1043,2026-01-02,62.45,62.0,40.18,84.72
NB-1043,2026-01-03,59.11,84.0,36.84,81.38
NB-1043,2026-01-04,54.95,29.0,32.68,77.21
NB-1043,2026-01-05,54.63,65.0,32.36,76.9
NB-1043,2026-01-06,48.17,30.0,25.9,70.44
NB-1044,2025-12-31,6.11,2.0,2.39,9.82
NB-1044,2026-01-01,6.79,7.0,3.08,10.51
NB-1044,2026-01-02,6.82,4.0,3.11,10.54
NB-1044,2026-01-03,6.87,14.0,3.15,10.58
NB-1044,2026-01-04,6.53,8.0,2.81,10.24
NB-1044,2026-01-05,6.61,5.0,2.89,10.32
NB-1044,2026-01-06,8.05,5.0,4.34,11.77
NB-1045,2025-12-31,57.08,79.0,30.35,83.81
NB-1045,2026-01-01,60.08,87.0,33.34,86.81
NB-1045,2026-01-02,57.83,57.0,31.1,84.56
NB-1045,2026-01-03,59.06,49.0,32.33,85.79
NB-1045,2026-01-04,61.6,15.0,34.87,88.34
NB-1045,2026-01-05,56.66,76.0,29.92,83.39
NB-1045,2026-01-06,54.14,13.0,27.41,80.88
NB-1046,2025-12-31,35.71,32.0,19.62,51.81
NB-1046,2026-01-01,36.84,54.0,20.75,52.93
NB-1046,2026-01-02,36.87,53.0,20.77,52.96
NB-1046,2026-01-03,34.23,36.0,18.14,50.32
NB-1046,2026-01-04,33.51,28.0,17.42,49.61
NB-1046,2026-01-05,32.69,22.0,16.59,48.78
NB-1046,2026-01-06,28.85,31.0,12.75,44.94
NB-1047,2025-12-31,65.51,44.0,36.15,94.88
NB-1047,2026-01-01,64.87,123.0,35.51,94.24
NB-1047,2026-01-02,64.72,62.0,35.36,94.08
NB-1047,2026-01-03,64.36,62.0,35.0,93.73
NB-1047,2026-01-04,65.39,59.0,36.03,94.75
NB-1047,2026-01-05,71.31,94.0,41.94,100.67
NB-1047,2026-01-06,57.52,83.0,28.15,86.88
NB-1048,2025-12-31,36.78,26.0,13.49,60.06
NB-1048,2026-01-01,43.73,95.0,20.44,67.01
NB-1048,2026-01-02,41.72,31.0,18.44,65.01
NB-1048,2026-01-03,42.43,45.0,19.15,65.72
NB-1048,2026-01-04,42.79,54.0,19.51,66.08
NB-1048,2026-01-05,40.86,50.0,17.57,64.14
NB-1048,2026-01-06,38.03,19.0,14.74,61.31
NB-1049,2025-12-31,53.04,85.0,32.46,73.62
NB-1049,2026-01-01,51.29,52.0,30.71,71.87
NB-1049,2026-01-02,51.97,41.0,31.39,72.55
NB-1049,2026-01-03,50.5,51.0,29.92,71.08
NB-1049,2026-01-04,51.71,42.0,31.13,72.29
NB-1049,2026-01-05,53.61,62.0,33.03,74.19
NB-1049,2026-01-06,43.29,34.0,22.71,63.87
NB-1050,2025-12-31,10.28,14.0,5.0,15.56
NB-1050,2026-01-01,11.42,18.0,6.14,16.69
NB-1050,2026-01-02,10.7,8.0,5.42,15.98
NB-1050,2026-01-03,9.9,8.0,4.62,15.18
NB-1050,2026-01-04,10.26,15.0,4.98,15.54
NB-1050,2026-01-05,9.99,7.0,4.71,15.27
NB-1050,2026-01-06,11.05,5.0,5.77,16.32
NB-1051,2025-12-31,7.02,11.0,2.24,11.79
NB-1051,2026-01-01,8.33,9.0,3.55,13.1
NB-1051,2026-01-02,8.24,7.0,3.47,13.02
NB-1051,2026-01-03,8.05,3.0,3.28,12.83
NB-1051,2026-01-04,8.49,6.0,3.72,13.27
NB-1051,2026-01-05,8.58,6.0,3.81,13.36
NB-1051,2026-01-06,11.01,8.0,6.23,15.78
NB-1052,2025-12-31,47.93,40.0,32.38,63.48
NB-1052,2026-01-01,50.48,82.0,34.92,66.03
NB-1052,2026-01-02,46.91,48.0,31.36,62.46
NB-1052,2026-01-03,48.66,35.0,33.1,64.21
NB-1052,2026-01-04,46.26,49.0,30.71,61.81
NB-1052,2026-01-05,45.89,62.0,30.34,61.44
NB-1052,2026-01-06,40.59,53.0,25.03,56.14
NB-1053,2025-12-31,12.72,20.0,6.47,18.97
NB-1053,2026-01-01,13.67,13.0,7.42,19.93
NB-1053,2026-01-02,13.75,10.0,7.5,20.0
NB-1053,2026-01-03,13.6,19.0,7.35,19.85
NB-1053,2026-01-04,13.5,15.0,7.25,19.76
NB-1053,2026-01-05,13.17,11.0,6.92,19.42
NB-1053,2026-01-06,13.22,11.0,6.97,19.47
NB-1054,2025-12-31,7.2,9.0,1.4,12.99
NB-1054,2026-01-01,8.19,3.0,2.4,13.98
NB-1054,2026-01-02,7.73,3.0,1.94,13.53
NB-1054,2026-01-03,8.24,8.0,2.44,14.03
NB-1054,2026-01-04,8.57,16.0,2.78,14.36
NB-1054,2026-01-05,8.09,5.0,2.29,13.88
NB-1054,2026-01-06,9.38,10.0,3.59,15.18
NB-1055,2025-12-31,54.01,59.0,33.31,74.71
NB-1055,2026-01-01,59.01,74.0,38.31,79.71
NB-1055,2026-01-02,56.9,62.0,36.2,77.6
NB-1055,2026-01-03,57.62,29.0,36.92,78.32
NB-1055,2026-01-04,60.21,80.0,39.51,80.91
NB-1055,2026-01-05,50.03,36.0,29.33,70.73
NB-1055,2026-01-06,50.63,46.0,29.93,71.33
NB-1056,2025-12-31,45.6,51.0,25.26,65.94
NB-1056,2026-01-01,51.98,87.0,31.64,72.32
NB-1056,2026-01-02,48.34,58.0,28.0,68.68
NB-1056,2026-01-03,48.63,34.0,28.29,68.96
NB-1056,2026-01-04,48.61,60.0,28.28,68.95
NB-1056,2026-01-05,47.7,35.0,27.36,68.03
NB-1056,2026-01-06,41.64,58.0,21.3,61.98
NB-1057,2025-12-31,62.96,51.0,30.8,95.11
NB-1057,2026-01-01,61.36,119.0,29.21,93.52
NB-1057,2026-01-02,65.56,46.0,33.4,97.72
NB-1057,2026-01-03,69.09,57.0,36.93,101.25
NB-1057,2026-01-04,69.94,78.0,37.78,102.1
NB-1057,2026-01-05,61.1,98.0,28.94,93.25
NB-1057,2026-01-06,61.0,123.0,28.84,93.16
NB-1058,2025-12-31,40.32,64.0,19.0,61.64
NB-1058,2026-01-01,47.22,91.0,25.9,68.54
NB-1058,2026-01-02,41.66,21.0,20.34,62.98
NB-1058,2026-01-03,41.11,52.0,19.79,62.43
NB-1058,2026-01-04,41.67,33.0,20.35,62.98
NB-1058,2026-01-05,40.62,47.0,19.3,61.94
NB-1058,2026-01-06,33.28,53.0,11.96,54.6
NB-1059,2025-12-31,38.47,62.0,16.86,60.08
NB-1059,2026-01-01,41.29,37.0,19.68,62.91
NB-1059,2026-01-02,41.58,32.0,19.97,63.19
NB-1059,2026-01-03,46.16,18.0,24.54,67.77
NB-1059,2026-01-04,40.86,53.0,19.25,62.47
NB-1059,2026-01-05,41.73,54.0,20.12,63.34
NB-1059,2026-01-06,35.43,25.0,13.82,57.04
NB-1060,2025-12-31,30.87,19.0,16.86,44.89
NB-1060,2026-01-01,32.29,28.0,18.28,46.3
NB-1060,2026-01-02,32.67,40.0,18.66,46.69
NB-1060,2026-01-03,32.97,30.0,18.96,46.98
NB-1060,2026-01-04,33.42,48.0,19.41,47.44
NB-1060,2026-01-05,33.6,38.0,19.58,47.61
NB-1060,2026-01-06,29.21,27.0,15.2,43.22
NB-1061,2025-12-31,17.01,9.0,10.05,23.97
NB-1061,2026-01-01,17.47,29.0,10.5,24.43
NB-1061,2026-01-02,17.51,20.0,10.55,24.47
NB-1061,2026-01-03,18.17,16.0,11.21,25.13
NB-1061,2026-01-04,18.38,14.0,11.42,25.34
NB-1061,2026-01-05,18.5,18.0,11.54,25.46
NB-1061,2026-01-06,18.25,25.0,11.28,25.21
NB-1062,2025-12-31,33.89,31.0,18.15,49.63
NB-1062,2026-01-01,36.33,64.0,20.59,52.07
NB-1062,2026-01-02,34.32,47.0,18.58,50.06
NB-1062,2026-01-03,32.4,24.0,16.66,48.14
NB-1062,2026-01-04,36.11,25.0,20.36,51.85
NB-1062,2026-01-05,35.21,26.0,19.47,50.95
NB-1062,2026-01-06,33.45,33.0,17.71,49.19
NB-1063,2025-12-31,58.79,89.0,25.27,92.32
NB-1063,2026-01-01,59.7,50.0,26.18,93.22
NB-1063,2026-01-02,55.64,69.0,22.12,89.17
NB-1063,2026-01-03,66.09,19.0,32.56,99.61
NB-1063,2026-01-04,65.85,63.0,32.32,99.37
NB-1063,2026-01-05,61.84,73.0,28.32,95.36
NB-1063,2026-01-06,50.7,79.0,17.18,84.22
NB-1064,2025-12-31,10.2,15.0,2.64,17.77
NB-1064,2026-01-01,11.53,16.0,3.97,19.1
NB-1064,2026-01-02,11.66,16.0,4.09,19.22
NB-1064,2026-01-03,11.61,11.0,4.04,19.17
NB-1064,2026-01-04,11.63,4.0,4.07,19.2
NB-1064,2026-01-05,12.5,3.0,4.94,20.07
NB-1064,2026-01-06,12.25,23.0,4.68,19.81
NB-1065,2025-12-31,25.71,37.0,12.96,38.45
NB-1065,2026-01-01,26.94,48.0,14.2,39.69
NB-1065,2026-01-02,27.48,12.0,14.73,40.22
NB-1065,2026-01-03,28.09,30.0,15.34,40.84
NB-1065,2026-01-04,28.52,23.0,15.78,41.27
NB-1065,2026-01-05,28.1,46.0,15.35,40.85
NB-1065,2026-01-06,25.68,13.0,12.93,38.43
NB-1066,2025-12-31,16.13,12.0,8.71,23.55
NB-1066,2026-01-01,17.31,15.0,9.89,24.72
NB-1066,2026-01-02,17.55,14.0,10.13,24.96
NB-1066,2026-01-03,16.98,7.0,9.56,24.4
NB-1066,2026-01-04,18.32,25.0,10.9,25.74
NB-1066,2026-01-05,18.28,28.0,10.86,25.69
NB-1066,2026-01-06,16.31,23.0,8.89,23.72
NB-1067,2025-12-31,20.65,25.0,12.83,28.48
NB-1067,2026-01-01,21.75,38.0,13.92,29.57
NB-1067,2026-01-02,21.35,31.0,13.52,29.17
NB-1067,2026-01-03,21.46,25.0,13.63,29.28
NB-1067,2026-01-04,21.49,10.0,13.66,29.31
NB-1067,2026-01-05,21.5,30.0,13.67,29.32
NB-1067,2026-01-06,20.81,17.0,12.98,28.63
NB-1068,2025-12-31,27.41,36.0,15.66,39.16
NB-1068,2026-01-01,29.37,45.0,17.63,41.12
NB-1068,2026-01-02,29.62,41.0,17.87,41.36
NB-1068,2026-01-03,29.84,28.0,18.09,41.58
NB-1068,2026-01-04,29.19,33.0,17.44,40.93
NB-1068,2026-01-05,29.24,42.0,17.5,40.99
NB-1068,2026-01-06,23.99,30.0,12.24,35.74
NB-1069,2025-12-31,31.73,29.0,19.04,44.43
NB-1069,2026-01-01,33.11,20.0,20.42,45.81
NB-1069,2026-01-02,32.47,49.0,19.78,45.17
NB-1069,2026-01-03,32.88,39.0,20.19,45.58
NB-1069,2026-01-04,32.95,37.0,20.26,45.64
NB-1069,2026-01-05,33.28,23.0,20.59,45.97
NB-1069,2026-01-06,28.54,40.0,15.85,41.23
NB-1070,2025-12-31,58.69,66.0,31.42,85.96
NB-1070,2026-01-01,53.94,97.0,26.67,81.21
NB-1070,2026-01-02,55.24,79.0,27.97,82.51
NB-1070,2026-01-03,53.21,51.0,25.94,80.48
NB-1070,2026-01-04,58.39,53.0,31.12,85.66
NB-1070,2026-01-05,50.13,65.0,22.86,77.4
NB-1070,2026-01-06,43.56,56.0,16.29,70.83
NB-1071,2025-12-31,37.83,42.0,28.68,46.98
NB-1071,2026-01-01,38.12,46.0,28.97,47.27
NB-1071,2026-01-02,39.78,30.0,30.63,48.93
NB-1071,2026-01-03,38.18,34.0,29.03,47.33
NB-1071,2026-01-04,38.51,49.0,29.36,47.66
NB-1071,2026-01-05,39.33,35.0,30.18,48.48
NB-1071,2026-01-06,34.56,49.0,25.41,43.71
NB-1072,2025-12-31,8.29,4.0,3.64,12.95
NB-1072,2026-01-01,8.7,10.0,4.04,13.36
NB-1072,2026-01-02,8.86,9.0,4.2,13.52
NB-1072,2026-01-03,8.7,10.0,4.04,13.36
NB-1072,2026-01-04,8.21,9.0,3.55,12.87
NB-1072,2026-01-05,8.1,4.0,3.44,12.75
NB-1072,2026-01-06,9.68,7.0,5.02,14.34
NB-1073,2025-12-31,20.39,24.0,9.85,30.93
NB-1073,2026-01-01,21.36,20.0,10.82,31.91
NB-1073,2026-01-02,21.7,20.0,11.16,32.24
NB-1073,2026-01-03,21.37,46.0,10.83,31.91
NB-1073,2026-01-04,20.51,13.0,9.97,31.05
NB-1073,2026-01-05,20.88,22.0,10.34,31.42
NB-1073,2026-01-06,20.15,18.0,9.61,30.69
NB-1074,2025-12-31,60.73,86.0,30.97,90.48
NB-1074,2026-01-01,58.5,100.0,28.75,88.26
NB-1074,2026-01-02,73.5,52.0,43.75,103.25
NB-1074,2026-01-03,68.32,80.0,38.57,98.08
NB-1074,2026-01-04,66.81,123.0,37.05,96.56
NB-1074,2026-01-05,57.3,54.0,27.55,87.06
NB-1074,2026-01-06,55.76,45.0,26.0,85.51
NB-1075,2025-12-31,50.51,51.0,26.15,74.87
NB-1075,2026-01-01,57.88,80.0,33.52,82.24
NB-1075,2026-01-02,57.23,45.0,32.87,81.59
NB-1075,2026-01-03,61.52,93.0,37.16,85.88
NB-1075,2026-01-04,55.26,34.0,30.9,79.62
NB-1075,2026-01-05,53.26,61.0,28.9,77.62
NB-1075,2026-01-06,46.7,68.0,22.34,71.05
NB-1076,2025-12-31,24.06,26.0,10.97,37.15
NB-1076,2026-01-01,25.53,48.0,12.44,38.61
NB-1076,2026-01-02,25.4,23.0,12.31,38.49
NB-1076,2026-01-03,25.76,15.0,12.67,38.85
NB-1076,2026-01-04,26.06,28.0,12.97,39.14
NB-1076,2026-01-05,25.28,23.0,12.2,38.37
NB-1076,2026-01-06,23.33,24.0,10.24,36.42
NB-1077,2025-12-31,38.51,26.0,23.93,53.09
NB-1077,2026-01-01,38.7,53.0,24.12,53.28
NB-1077,2026-01-02,39.4,36.0,24.82,53.98
NB-1077,2026-01-03,40.47,16.0,25.89,55.05
NB-1077,2026-01-04,38.26,57.0,23.68,52.85
NB-1077,2026-01-05,37.28,40.0,22.7,51.86
NB-1077,2026-01-06,31.72,47.0,17.14,46.3
NB-1078,2025-12-31,20.75,15.0,8.58,32.91
NB-1078,2026-01-01,21.16,49.0,8.99,33.33
NB-1078,2026-01-02,21.16,16.0,9.0,33.33
NB-1078,2026-01-03,21.29,25.0,9.12,33.46
NB-1078,2026-01-04,21.4,26.0,9.23,33.56
NB-1078,2026-01-05,20.35,14.0,8.18,32.52
NB-1078,2026-01-06,22.21,13.0,10.04,34.38
NB-1079,2025-12-31,6.76,9.0,1.4,12.11
NB-1079,2026-01-01,7.97,7.0,2.61,13.32
NB-1079,2026-01-02,8.22,9.0,2.86,13.57
NB-1079,2026-01-03,8.32,5.0,2.96,13.68
NB-1079,2026-01-04,8.11,4.0,2.76,13.47
NB-1079,2026-01-05,8.21,8.0,2.85,13.56
NB-1079,2026-01-06,10.44,11.0,5.08,15.79
NB-1080,2025-12-31,11.88,5.0,5.58,18.18
NB-1080,2026-01-01,12.99,19.0,6.69,19.28
NB-1080,2026-01-02,12.78,16.0,6.48,19.07
NB-1080,2026-01-03,13.16,11.0,6.86,19.45
NB-1080,2026-01-04,12.76,24.0,6.46,19.05
NB-1080,2026-01-05,11.69,13.0,5.39,17.98
NB-1080,2026-01-06,10.3,5.0,4.0,16.59
NB-1081,2025-12-31,29.81,37.0,20.69,38.93
NB-1081,2026-01-01,30.62,44.0,21.5,39.74
NB-1081,2026-01-02,30.74,41.0,21.62,39.86
NB-1081,2026-01-03,31.15,34.0,22.03,40.27
NB-1081,2026-01-04,30.6,35.0,21.48,39.72
NB-1081,2026-01-05,30.38,24.0,21.26,39.51
NB-1081,2026-01-06,28.58,33.0,19.46,37.7
NB-1082,2025-12-31,11.68,13.0,7.53,15.82
NB-1082,2026-01-01,12.66,14.0,8.52,16.8
NB-1082,2026-01-02,12.56,9.0,8.41,16.7
NB-1082,2026-01-03,12.61,15.0,8.46,16.75
NB-1082,2026-01-04,12.59,9.0,8.45,16.73
NB-1082,2026-01-05,13.51,13.0,9.36,17.65
NB-1082,2026-01-06,12.47,10.0,8.33,16.62
NB-1083,2025-12-31,8.86,0.0,1.29,16.42
NB-1083,2026-01-01,10.55,21.0,2.99,18.11
NB-1083,2026-01-02,9.79,17.0,2.23,17.36
NB-1083,2026-01-03,9.0,6.0,1.44,16.56
NB-1083,2026-01-04,9.0,9.0,1.44,16.56
NB-1083,2026-01-05,9.14,4.0,1.58,16.71
NB-1083,2026-01-06,10.45,4.0,2.89,18.02
NB-1084,2025-12-31,19.71,19.0,13.85,25.57
NB-1084,2026-01-01,21.04,27.0,15.18,26.9
NB-1084,2026-01-02,21.19,19.0,15.33,27.05
NB-1084,2026-01-03,20.98,16.0,15.12,26.84
NB-1084,2026-01-04,20.98,21.0,15.12,26.84
NB-1084,2026-01-05,20.98,20.0,15.12,26.84
NB-1084,2026-01-06,20.77,19.0,14.9,26.63
NB-1085,2025-12-31,25.02,49.0,15.75,34.29
NB-1085,2026-01-01,26.59,36.0,17.32,35.87
NB-1085,2026-01-02,26.82,20.0,17.54,36.09
NB-1085,2026-01-03,26.87,28.0,17.6,36.14
NB-1085,2026-01-04,26.71,24.0,17.44,35.99
NB-1085,2026-01-05,26.14,27.0,16.87,35.41
NB-1085,2026-01-06,25.55,17.0,16.28,34.82
NB-1086,2025-12-31,21.5,27.0,15.38,27.62
NB-1086,2026-01-01,22.33,29.0,16.21,28.46
NB-1086,2026-01-02,22.41,11.0,16.28,28.53
NB-1086,2026-01-03,22.62,20.0,16.5,28.75
NB-1086,2026-01-04,22.72,29.0,16.6,28.85
NB-1086,2026-01-05,22.51,24.0,16.39,28.64
NB-1086,2026-01-06,21.86,21.0,15.74,27.99
NB-1087,2025-12-31,66.59,86.0,23.08,110.1
NB-1087,2026-01-01,73.53,100.0,30.02,117.04
NB-1087,2026-01-02,68.36,85.0,24.85,111.87
NB-1087,2026-01-03,69.27,34.0,25.76,112.78
NB-1087,2026-01-04,68.87,63.0,25.36,112.37
NB-1087,2026-01-05,69.96,82.0,26.45,113.47
NB-1087,2026-01-06,49.41,74.0,5.9,92.92
NB-1088,2025-12-31,10.85,5.0,4.15,17.54
NB-1088,2026-01-01,12.37,16.0,5.67,19.06
NB-1088,2026-01-02,11.94,17.0,5.24,18.63
NB-1088,2026-01-03,11.58,14.0,4.88,18.27
NB-1088,2026-01-04,11.43,8.0,4.73,18.12
NB-1088,2026-01-05,11.1,6.0,4.4,17.79
NB-1088,2026-01-06,9.99,7.0,3.3,16.68
NB-1089,2025-12-31,69.52,27.0,33.09,105.94
NB-1089,2026-01-01,53.23,140.0,16.8,89.66
NB-1089,2026-01-02,58.71,79.0,22.28,95.14
NB-1089,2026-01-03,62.13,84.0,25.7,98.56
NB-1089,2026-01-04,65.48,66.0,29.05,101.91
NB-1089,2026-01-05,60.89,55.0,24.46,97.31
NB-1089,2026-01-06,46.99,78.0,10.56,83.42
NB-1090,2025-12-31,51.67,44.0,30.5,72.83
NB-1090,2026-01-01,53.72,84.0,32.56,74.89
NB-1090,2026-01-02,51.17,40.0,30.0,72.34
NB-1090,2026-01-03,50.04,50.0,28.88,71.21
NB-1090,2026-01-04,52.78,51.0,31.61,73.94
NB-1090,2026-01-05,57.01,53.0,35.84,78.17
NB-1090,2026-01-06,46.42,80.0,25.25,67.58
NB-1091,2025-12-31,26.05,18.0,16.72,35.38
NB-1091,2026-01-01,28.45,24.0,19.12,37.78
NB-1091,2026-01-02,28.91,13.0,19.58,38.24
NB-1091,2026-01-03,30.05,38.0,20.72,39.38
NB-1091,2026-01-04,29.64,36.0,20.31,38.97
NB-1091,2026-01-05,28.52,25.0,19.19,37.85
NB-1091,2026-01-06,26.51,27.0,17.18,35.84
NB-1092,2025-12-31,11.43,11.0,5.36,17.49
NB-1092,2026-01-01,12.59,13.0,6.52,18.66
NB-1092,2026-01-02,12.4,15.0,6.33,18.47
NB-1092,2026-01-03,11.87,10.0,5.8,17.94
NB-1092,2026-01-04,12.17,4.0,6.1,18.24
NB-1092,2026-01-05,12.64,9.0,6.57,18.71
NB-1092,2026-01-06,13.04,14.0,6.97,19.11
NB-1093,2025-12-31,5.43,2.0,0.36,10.5
NB-1093,2026-01-01,6.84,2.0,1.77,11.91
NB-1093,2026-01-02,6.74,7.0,1.67,11.82
NB-1093,2026-01-03,6.76,3.0,1.69,11.83
NB-1093,2026-01-04,7.75,9.0,2.68,12.82
NB-1093,2026-01-05,7.72,17.0,2.65,12.79
NB-1093,2026-01-06,9.4,6.0,4.33,14.47
NB-1094,2025-12-31,12.64,27.0,5.07,20.21
NB-1094,2026-01-01,13.28,13.0,5.71,20.85
NB-1094,2026-01-02,13.45,16.0,5.88,21.02
NB-1094,2026-01-03,13.09,9.0,5.52,20.66
NB-1094,2026-01-04,13.45,17.0,5.88,21.02
NB-1094,2026-01-05,13.16,10.0,5.59,20.73
NB-1094,2026-01-06,13.42,10.0,5.85,21.0
NB-1095,2025-12-31,11.19,5.0,5.46,16.93
NB-1095,2026-01-01,12.51,23.0,6.77,18.24
NB-1095,2026-01-02,11.96,7.0,6.22,17.69
NB-1095,2026-01-03,12.01,13.0,6.27,17.74
NB-1095,2026-01-04,11.72,12.0,5.99,17.46
NB-1095,2026-01-05,11.61,11.0,5.88,17.35
NB-1095,2026-01-06,12.28,10.0,6.54,18.01
NB-1096,2025-12-31,22.26,18.0,12.4,32.13
NB-1096,2026-01-01,24.38,33.0,14.51,34.25
NB-1096,2026-01-02,24.37,31.0,14.5,34.24
NB-1096,2026-01-03,23.93,22.0,14.06,33.8
NB-1096,2026-01-04,24.31,24.0,14.44,34.18
NB-1096,2026-01-05,24.08,20.0,14.21,33.95
NB-1096,2026-01-06,22.75,22.0,12.88,32.62
NB-1097,2025-12-31,37.63,35.0,10.24,65.03
NB-1097,2026-01-01,50.61,90.0,23.22,78.0
NB-1097,2026-01-02,45.81,50.0,18.42,73.2
NB-1097,2026-01-03,47.82,45.0,20.43,75.22
NB-1097,2026-01-04,52.08,41.0,24.69,79.47
NB-1097,2026-01-05,52.99,64.0,25.59,80.38
NB-1097,2026-01-06,37.04,111.0,9.65,64.44
NB-1098,2025-12-31,39.76,32.0,18.1,61.42
NB-1098,2026-01-01,47.74,81.0,26.08,69.4
NB-1098,2026-01-02,37.43,43.0,15.77,59.09
NB-1098,2026-01-03,42.28,39.0,20.62,63.94
NB-1098,2026-01-04,39.42,47.0,17.76,61.08
NB-1098,2026-01-05,38.33,42.0,16.67,59.99
NB-1098,2026-01-06,32.67,41.0,11.01,54.33
NB-1099,2025-12-31,21.83,16.0,8.63,35.02
NB-1099,2026-01-01,23.62,48.0,10.43,36.82
NB-1099,2026-01-02,22.87,32.0,9.67,36.06
NB-1099,2026-01-03,23.41,14.0,10.22,36.61
NB-1099,2026-01-04,23.12,24.0,9.92,36.31
NB-1099,2026-01-05,23.01,19.0,9.82,36.21
NB-1099,2026-01-06,21.26,25.0,8.06,34.45
NB-1100,2025-12-31,57.96,88.0,34.91,81.01
NB-1100,2026-01-01,62.05,56.0,39.0,85.1
NB-1100,2026-01-02,60.24,63.0,37.19,83.29
NB-1100,2026-01-03,56.91,37.0,33.86,79.96
NB-1100,2026-01-04,61.11,70.0,38.06,84.16
NB-1100,2026-01-05,55.95,35.0,32.9,79.0
NB-1100,2026-01-06,50.05,55.0,27.0,73.1
NB-1101,2025-12-31,39.23,18.0,15.92,62.55
NB-1101,2026-01-01,43.53,33.0,20.22,66.85
NB-1101,2026-01-02,42.15,63.0,18.84,65.46
NB-1101,2026-01-03,41.42,16.0,18.11,64.74
NB-1101,2026-01-04,42.2,60.0,18.89,65.52
NB-1101,2026-01-05,40.53,41.0,17.21,63.84
NB-1101,2026-01-06,36.77,32.0,13.45,60.08
NB-1102,2025-12-31,29.44,48.0,14.14,44.74
NB-1102,2026-01-01,30.24,49.0,14.94,45.55
NB-1102,2026-01-02,29.58,25.0,14.28,44.88
NB-1102,2026-01-03,30.09,36.0,14.78,45.39
NB-1102,2026-01-04,29.5,36.0,14.2,44.81
NB-1102,2026-01-05,27.98,25.0,12.67,43.28
NB-1102,2026-01-06,25.95,21.0,10.65,41.26
NB-1103,2025-12-31,3.03,3.0,0.6,5.45
NB-1103,2026-01-01,3.78,1.0,1.36,6.21
NB-1103,2026-01-02,3.35,3.0,0.92,5.78
NB-1103,2026-01-03,3.63,5.0,1.21,6.06
NB-1103,2026-01-04,3.63,3.0,1.21,6.06
NB-1103,2026-01-05,3.66,2.0,1.24,6.09
NB-1103,2026-01-06,4.79,2.0,2.37,7.22
NB-1104,2025-12-31,4.31,4.0,1.09,7.53
NB-1104,2026-01-01,4.74,3.0,1.52,7.96
NB-1104,2026-01-02,4.74,8.0,1.52,7.96
NB-1104,2026-01-03,4.9,3.0,1.68,8.12
NB-1104,2026-01-04,4.83,4.0,1.61,8.04
NB-1104,2026-01-05,4.86,5.0,1.64,8.08
NB-1104,2026-01-06,7.37,2.0,4.15,10.58
NB-1105,2025-12-31,19.36,23.0,7.21,31.51
NB-1105,2026-01-01,21.21,40.0,9.06,33.36
NB-1105,2026-01-02,20.57,10.0,8.42,32.71
NB-1105,2026-01-03,20.92,25.0,8.77,33.07
NB-1105,2026-01-04,21.2,15.0,9.05,33.35
NB-1105,2026-01-05,21.25,8.0,9.1,33.4
NB-1105,2026-01-06,21.14,29.0,8.99,33.28
NB-1106,2025-12-31,34.28,21.0,20.26,48.3
NB-1106,2026-01-01,34.29,39.0,20.27,48.31
NB-1106,2026-01-02,34.84,31.0,20.82,48.87
NB-1106,2026-01-03,35.68,36.0,21.66,49.7
NB-1106,2026-01-04,34.58,39.0,20.56,48.6
NB-1106,2026-01-05,34.02,43.0,19.99,48.04
NB-1106,2026-01-06,31.36,40.0,17.34,45.38
NB-1107,2025-12-31,1.87,1.0,0.25,3.5
NB-1107,2026-01-01,2.97,3.0,1.35,4.6
NB-1107,2026-01-02,3.31,1.0,1.68,4.93
NB-1107,2026-01-03,3.44,2.0,1.81,5.07
NB-1107,2026-01-04,3.42,0.0,1.79,5.05
NB-1107,2026-01-05,3.28,2.0,1.66,4.91
NB-1107,2026-01-06,6.42,2.0,4.79,8.05
NB-1108,2025-12-31,28.13,21.0,17.27,38.99
NB-1108,2026-01-01,29.62,13.0,18.75,40.48
NB-1108,2026-01-02,29.68,47.0,18.82,40.54
NB-1108,2026-01-03,28.88,26.0,18.02,39.75
NB-1108,2026-01-04,29.26,26.0,18.4,40.13
NB-1108,2026-01-05,29.02,23.0,18.16,39.88
NB-1108,2026-01-06,26.98,36.0,16.11,37.84
NB-1109,2025-12-31,34.01,17.0,21.12,46.91
NB-1109,2026-01-01,35.16,24.0,22.26,48.05
NB-1109,2026-01-02,35.54,45.0,22.65,48.43
NB-1109,2026-01-03,36.19,38.0,23.3,49.08
NB-1109,2026-01-04,36.07,35.0,23.18,48.97
NB-1109,2026-01-05,36.2,40.0,23.31,49.1
NB-1109,2026-01-06,33.51,27.0,20.62,46.4
NB-1110,2025-12-31,16.5,14.0,8.94,24.05
NB-1110,2026-01-01,17.31,25.0,9.75,24.86
NB-1110,2026-01-02,17.17,18.0,9.62,24.73
NB-1110,2026-01-03,17.17,17.0,9.62,24.73
NB-1110,2026-01-04,16.74,20.0,9.19,24.3
NB-1110,2026-01-05,16.51,11.0,8.95,24.06
NB-1110,2026-01-06,17.56,13.0,10.01,25.12
NB-1111,2025-12-31,6.37,1.0,0.92,11.82
NB-1111,2026-01-01,7.53,2.0,2.09,12.98
NB-1111,2026-01-02,7.36,12.0,1.92,12.81
NB-1111,2026-01-03,7.62,8.0,2.18,13.07
NB-1111,2026-01-04,7.52,13.0,2.07,12.96
NB-1111,2026-01-05,6.82,6.0,1.37,12.26
NB-1111,2026-01-06,9.6,6.0,4.15,15.04
NB-1112,2025-12-31,20.57,20.0,8.77,32.37
NB-1112,2026-01-01,22.12,11.0,10.33,33.92
NB-1112,2026-01-02,22.45,33.0,10.65,34.25
NB-1112,2026-01-03,21.99,10.0,10.2,33.79
NB-1112,2026-01-04,23.19,15.0,11.39,34.99
NB-1112,2026-01-05,23.23,27.0,11.43,35.03
NB-1112,2026-01-06,20.86,20.0,9.06,32.66
NB-1113,2025-12-31,37.42,42.0,17.62,57.23
NB-1113,2026-01-01,41.04,76.0,21.23,60.84
NB-1113,2026-01-02,36.84,17.0,17.03,56.65
NB-1113,2026-01-03,37.8,33.0,18.0,57.61
NB-1113,2026-01-04,36.9,15.0,17.09,56.7
NB-1113,2026-01-05,36.66,29.0,16.85,56.46
NB-1113,2026-01-06,32.45,22.0,12.64,52.26
NB-1114,2025-12-31,4.91,4.0,2.26,7.56
NB-1114,2026-01-01,5.41,7.0,2.76,8.06
NB-1114,2026-01-02,5.19,6.0,2.54,7.84
NB-1114,2026-01-03,5.19,5.0,2.54,7.84
NB-1114,2026-01-04,5.38,4.0,2.73,8.02
NB-1114,2026-01-05,5.81,7.0,3.16,8.46
NB-1114,2026-01-06,8.55,8.0,5.9,11.2
NB-1115,2025-12-31,26.91,14.0,16.62,37.21
NB-1115,2026-01-01,28.71,35.0,18.41,39.0
NB-1115,2026-01-02,28.64,39.0,18.34,38.94
NB-1115,2026-01-03,28.87,17.0,18.57,39.17
NB-1115,2026-01-04,29.76,25.0,19.46,40.06
NB-1115,2026-01-05,29.36,20.0,19.07,39.66
NB-1115,2026-01-06,26.02,39.0,15.73,36.32
NB-1116,2025-12-31,2.06,1.0,0.0,4.48
NB-1116,2026-01-01,2.45,7.0,0.03,4.87
NB-1116,2026-01-02,2.43,4.0,0.01,4.85
NB-1116,2026-01-03,2.88,1.0,0.45,5.3
NB-1116,2026-01-04,2.54,3.0,0.12,4.97
NB-1116,2026-01-05,2.88,0.0,0.46,5.3
NB-1116,2026-01-06,7.1,1.0,4.68,9.52
NB-1117,2025-12-31,23.39,26.0,8.28,38.5
NB-1117,2026-01-01,24.32,53.0,9.2,39.43
NB-1117,2026-01-02,25.03,12.0,9.92,40.14
NB-1117,2026-01-03,24.32,12.0,9.2,39.43
NB-1117,2026-01-04,25.28,18.0,10.17,40.4
NB-1117,2026-01-05,25.29,37.0,10.17,40.4
NB-1117,2026-01-06,23.52,24.0,8.41,38.64
NB-1118,2025-12-31,10.7,8.0,6.03,15.36
NB-1118,2026-01-01,12.17,8.0,7.5,16.83
NB-1118,2026-01-02,12.34,12.0,7.68,17.01
NB-1118,2026-01-03,12.66,15.0,7.99,17.32
NB-1118,2026-01-04,12.77,18.0,8.1,17.43
NB-1118,2026-01-05,11.99,14.0,7.32,16.65
NB-1118,2026-01-06,12.12,9.0,7.46,16.79
NB-1119,2025-12-31,70.79,70.0,54.05,87.52
NB-1119,2026-01-01,68.25,71.0,51.52,84.99
NB-1119,2026-01-02,69.79,55.0,53.06,86.53
NB-1119,2026-01-03,69.65,73.0,52.92,86.39
NB-1119,2026-01-04,69.26,74.0,52.53,86.0
NB-1119,2026-01-05,70.27,72.0,53.53,87.0
NB-1119,2026-01-06,54.66,75.0,37.93,71.4
NB-1120,2025-12-31,24.57,19.0,14.33,34.8
NB-1120,2026-01-01,25.92,51.0,15.69,36.15
NB-1120,2026-01-02,25.38,13.0,15.15,35.61
NB-1120,2026-01-03,26.0,32.0,15.77,36.23
NB-1120,2026-01-04,25.99,30.0,15.76,36.22
NB-1120,2026-01-05,25.2,19.0,14.97,35.43
NB-1120,2026-01-06,22.25,23.0,12.02,32.48
NB-1121,2025-12-31,46.06,43.0,21.89,70.23
NB-1121,2026-01-01,50.43,71.0,26.26,74.6
NB-1121,2026-01-02,49.19,31.0,25.02,73.36
NB-1121,2026-01-03,48.32,46.0,24.15,72.49
NB-1121,2026-01-04,46.78,43.0,22.61,70.95
NB-1121,2026-01-05,47.91,32.0,23.74,72.08
NB-1121,2026-01-06,41.12,26.0,16.95,65.29
NB-1122,2025-12-31,57.38,50.0,39.12,75.65
NB-1122,2026-01-01,60.16,66.0,41.9,78.43
NB-1122,2026-01-02,64.48,84.0,46.22,82.75
NB-1122,2026-01-03,59.5,34.0,41.23,77.77
NB-1122,2026-01-04,61.36,55.0,43.09,79.62
NB-1122,2026-01-05,62.38,70.0,44.11,80.64
NB-1122,2026-01-06,54.32,32.0,36.05,72.59
NB-1123,2025-12-31,23.95,17.0,11.36,36.55
NB-1123,2026-01-01,26.02,61.0,13.42,38.61
NB-1123,2026-01-02,26.39,26.0,13.79,38.98
NB-1123,2026-01-03,28.26,25.0,15.67,40.86
NB-1123,2026-01-04,27.73,32.0,15.14,40.33
NB-1123,2026-01-05,26.49,29.0,13.89,39.08
NB-1123,2026-01-06,26.35,29.0,13.76,38.95
NB-1124,2025-12-31,51.88,52.0,31.57,72.2
NB-1124,2026-01-01,51.55,97.0,31.24,71.86
NB-1124,2026-01-02,50.23,34.0,29.92,70.55
NB-1124,2026-01-03,54.28,62.0,33.97,74.6
NB-1124,2026-01-04,50.46,38.0,30.15,70.78
NB-1124,2026-01-05,50.67,64.0,30.35,70.98
NB-1124,2026-01-06,42.43,45.0,22.12,62.75
NB-1125,2025-12-31,6.92,9.0,3.32,10.52
NB-1125,2026-01-01,7.59,10.0,3.99,11.19
NB-1125,2026-01-02,7.69,8.0,4.09,11.29
NB-1125,2026-01-03,7.57,7.0,3.97,11.17
NB-1125,2026-01-04,7.63,5.0,4.03,11.23
NB-1125,2026-01-05,8.54,8.0,4.94,12.14
NB-1125,2026-01-06,9.8,12.0,6.2,13.39
NB-1126,2025-12-31,20.91,14.0,8.63,33.19
NB-1126,2026-01-01,20.8,20.0,8.52,33.09
NB-1126,2026-01-02,20.69,21.0,8.41,32.97
NB-1126,2026-01-03,21.67,18.0,9.39,33.95
NB-1126,2026-01-04,22.81,13.0,10.53,35.09
NB-1126,2026-01-05,22.34,8.0,10.05,34.62
NB-1126,2026-01-06,20.6,41.0,8.31,32.88
NB-1127,2025-12-31,21.97,30.0,13.99,29.96
NB-1127,2026-01-01,24.16,33.0,16.17,32.14
NB-1127,2026-01-02,23.97,27.0,15.98,31.96
NB-1127,2026-01-03,24.23,37.0,16.24,32.21
NB-1127,2026-01-04,23.83,24.0,15.85,31.82
NB-1127,2026-01-05,24.22,16.0,16.23,32.21
NB-1127,2026-01-06,23.82,21.0,15.84,31.81
NB-1128,2025-12-31,5.01,3.0,1.9,8.12
NB-1128,2026-01-01,5.43,3.0,2.32,8.54
NB-1128,2026-01-02,5.79,1.0,2.68,8.9
NB-1128,2026-01-03,5.84,2.0,2.73,8.95
NB-1128,2026-01-04,5.7,5.0,2.59,8.81
NB-1128,2026-01-05,5.41,6.0,2.3,8.52
NB-1128,2026-01-06,7.78,6.0,4.67,10.89
NB-1129,2025-12-31,7.38,7.0,2.31,12.45
NB-1129,2026-01-01,8.19,11.0,3.12,13.25
NB-1129,2026-01-02,7.93,5.0,2.86,13.0
NB-1129,2026-01-03,8.35,1.0,3.28,13.42
NB-1129,2026-01-04,8.47,13.0,3.4,13.54
NB-1129,2026-01-05,8.27,10.0,3.2,13.34
NB-1129,2026-01-06,9.78,6.0,4.71,14.85
NB-1130,2025-12-31,3.67,5.0,1.14,6.21
NB-1130,2026-01-01,4.96,4.0,2.42,7.5
NB-1130,2026-01-02,4.93,6.0,2.4,7.47
NB-1130,2026-01-03,5.05,2.0,2.52,7.59
NB-1130,2026-01-04,5.27,2.0,2.73,7.8
NB-1130,2026-01-05,4.79,3.0,2.25,7.33
NB-1130,2026-01-06,8.87,5.0,6.33,11.41
NB-1131,2025-12-31,25.58,22.0,13.46,37.69
NB-1131,2026-01-01,27.18,46.0,15.06,39.29
NB-1131,2026-01-02,27.06,19.0,14.94,39.17
NB-1131,2026-01-03,27.76,34.0,15.65,39.88
NB-1131,2026-01-04,27.1,25.0,14.99,39.22
NB-1131,2026-01-05,26.96,22.0,14.85,39.07
NB-1131,2026-01-06,26.07,30.0,13.96,38.19
NB-1132,2025-12-31,22.5,9.0,10.08,34.93
NB-1132,2026-01-01,25.2,27.0,12.78,37.63
NB-1132,2026-01-02,25.25,22.0,12.83,37.68
NB-1132,2026-01-03,25.82,29.0,13.4,38.25
NB-1132,2026-01-04,25.26,55.0,12.83,37.68
NB-1132,2026-01-05,24.23,10.0,11.8,36.65
NB-1132,2026-01-06,23.18,25.0,10.76,35.61
NB-1133,2025-12-31,9.62,7.0,3.88,15.37
NB-1133,2026-01-01,10.65,12.0,4.9,16.39
NB-1133,2026-01-02,10.77,12.0,5.02,16.51
NB-1133,2026-01-03,10.97,15.0,5.22,16.71
NB-1133,2026-01-04,10.35,6.0,4.6,16.1
NB-1133,2026-01-05,11.16,13.0,5.42,16.91
NB-1133,2026-01-06,11.64,13.0,5.9,17.39
NB-1134,2025-12-31,29.48,24.0,17.98,40.99
NB-1134,2026-01-01,30.2,50.0,18.69,41.7
NB-1134,2026-01-02,29.98,28.0,18.47,41.48
NB-1134,2026-01-03,30.39,42.0,18.88,41.89
NB-1134,2026-01-04,30.14,37.0,18.63,41.64
NB-1134,2026-01-05,29.57,26.0,18.07,41.07
NB-1134,2026-01-06,26.93,23.0,15.43,38.43
NB-1135,2025-12-31,11.89,14.0,5.92,17.85
NB-1135,2026-01-01,12.98,17.0,7.02,18.94
NB-1135,2026-01-02,12.62,8.0,6.66,18.58
NB-1135,2026-01-03,12.87,3.0,6.9,18.83
NB-1135,2026-01-04,13.51,17.0,7.55,19.47
NB-1135,2026-01-05,13.03,16.0,7.07,18.99
NB-1135,2026-01-06,10.97,13.0,5.01,16.94
NB-1136,2025-12-31,10.44,12.0,5.55,15.33
NB-1136,2026-01-01,11.14,18.0,6.25,16.03
NB-1136,2026-01-02,10.43,14.0,5.54,15.32
NB-1136,2026-01-03,10.43,7.0,5.55,15.32
NB-1136,2026-01-04,10.32,9.0,5.43,15.21
NB-1136,2026-01-05,10.43,7.0,5.54,15.32
NB-1136,2026-01-06,12.18,8.0,7.29,17.07
NB-1137,2025-12-31,26.37,29.0,17.16,35.58
NB-1137,2026-01-01,27.93,22.0,18.72,37.13
NB-1137,2026-01-02,28.37,19.0,19.16,37.58
NB-1137,2026-01-03,28.32,23.0,19.12,37.53
NB-1137,2026-01-04,29.3,23.0,20.1,38.51
NB-1137,2026-01-05,29.14,32.0,19.93,38.34
NB-1137,2026-01-06,25.89,42.0,16.69,35.1
NB-1138,2025-12-31,14.96,10.0,9.02,20.9
NB-1138,2026-01-01,15.77,18.0,9.83,21.71
NB-1138,2026-01-02,15.67,5.0,9.73,21.61
NB-1138,2026-01-03,15.72,13.0,9.78,21.66
NB-1138,2026-01-04,16.14,12.0,10.2,22.08
NB-1138,2026-01-05,16.59,16.0,10.65,22.53
NB-1138,2026-01-06,15.08,29.0,9.14,21.02
NB-1139,2025-12-31,36.51,72.0,18.05,54.98
NB-1139,2026-01-01,37.9,46.0,19.44,56.37
NB-1139,2026-01-02,39.5,44.0,21.04,57.97
NB-1139,2026-01-03,40.26,41.0,21.79,58.72
NB-1139,2026-01-04,39.3,40.0,20.84,57.77
NB-1139,2026-01-05,36.49,58.0,18.03,54.95
NB-1139,2026-01-06,32.22,61.0,13.76,50.69
NB-1140,2025-12-31,31.13,45.0,18.55,43.72
NB-1140,2026-01-01,32.73,49.0,20.14,45.32
NB-1140,2026-01-02,33.46,47.0,20.87,46.05
NB-1140,2026-01-03,32.08,22.0,19.49,44.67
NB-1140,2026-01-04,31.79,32.0,19.21,44.38
NB-1140,2026-01-05,32.26,37.0,19.67,44.85
NB-1140,2026-01-06,29.92,23.0,17.33,42.51
NB-1141,2025-12-31,6.06,7.0,0.86,11.27
NB-1141,2026-01-01,6.53,17.0,1.32,11.74
NB-1141,2026-01-02,6.51,6.0,1.3,11.72
NB-1141,2026-01-03,7.0,2.0,1.79,12.21
NB-1141,2026-01-04,6.6,6.0,1.39,11.8
NB-1141,2026-01-05,7.14,2.0,1.93,12.35
NB-1141,2026-01-06,9.57,6.0,4.36,14.78
NB-1142,2025-12-31,11.9,11.0,5.43,18.38
NB-1142,2026-01-01,13.01,22.0,6.54,19.48
NB-1142,2026-01-02,12.63,7.0,6.15,19.1
NB-1142,2026-01-03,13.07,11.0,6.59,19.54
NB-1142,2026-01-04,13.03,14.0,6.56,19.5
NB-1142,2026-01-05,12.92,11.0,6.45,19.4
NB-1142,2026-01-06,13.13,18.0,6.66,19.61
NB-1143,2025-12-31,81.6,62.0,47.44,115.76
NB-1143,2026-01-01,61.69,69.0,27.53,95.85
NB-1143,2026-01-02,71.03,86.0,36.87,105.19
NB-1143,2026-01-03,69.66,99.0,35.5,103.82
NB-1143,2026-01-04,79.53,84.0,45.37,113.69
NB-1143,2026-01-05,79.23,76.0,45.07,113.39
NB-1143,2026-01-06,65.27,85.0,31.11,99.43
NB-1144,2025-12-31,71.93,82.0,52.02,91.85
NB-1144,2026-01-01,75.26,94.0,55.34,95.17
NB-1144,2026-01-02,71.86,65.0,51.94,91.78
NB-1144,2026-01-03,73.98,72.0,54.06,93.9
NB-1144,2026-01-04,71.06,96.0,51.14,90.98
NB-1144,2026-01-05,72.56,86.0,52.64,92.48
NB-1144,2026-01-06,60.79,75.0,40.87,80.71
NB-1145,2025-12-31,28.85,31.0,17.58,40.13
NB-1145,2026-01-01,30.83,45.0,19.55,42.1
NB-1145,2026-01-02,29.81,50.0,18.54,41.09
NB-1145,2026-01-03,29.16,15.0,17.89,40.43
NB-1145,2026-01-04,29.09,23.0,17.81,40.36
NB-1145,2026-01-05,28.26,23.0,16.99,39.54
NB-1145,2026-01-06,27.34,21.0,16.07,38.61
NB-1146,2025-12-31,5.23,3.0,1.36,9.09
NB-1146,2026-01-01,6.05,3.0,2.19,9.92
NB-1146,2026-01-02,5.72,5.0,1.86,9.59
NB-1146,2026-01-03,5.74,13.0,1.87,9.61
NB-1146,2026-01-04,6.13,5.0,2.27,10.0
NB-1146,2026-01-05,5.48,3.0,1.61,9.35
NB-1146,2026-01-06,8.45,5.0,4.58,12.31
NB-1147,2025-12-31,15.16,10.0,8.43,21.89
NB-1147,2026-01-01,15.54,23.0,8.8,22.27
NB-1147,2026-01-02,15.54,18.0,8.8,22.27
NB-1147,2026-01-03,15.4,17.0,8.67,22.13
NB-1147,2026-01-04,15.13,12.0,8.4,21.86
NB-1147,2026-01-05,15.29,20.0,8.56,22.02
NB-1147,2026-01-06,14.86,14.0,8.13,21.6
NB-1148,2025-12-31,13.74,23.0,5.17,22.31
NB-1148,2026-01-01,14.92,11.0,6.34,23.49
NB-1148,2026-01-02,14.89,17.0,6.32,23.46
NB-1148,2026-01-03,15.09,7.0,6.52,23.66
NB-1148,2026-01-04,15.87,10.0,7.3,24.45
NB-1148,2026-01-05,16.27,22.0,7.7,24.84
NB-1148,2026-01-06,14.73,8.0,6.16,23.3
NB-1149,2025-12-31,21.02,20.0,13.34,28.71
NB-1149,2026-01-01,22.5,20.0,14.82,30.18
NB-1149,2026-01-02,22.67,19.0,14.99,30.36
NB-1149,2026-01-03,23.32,29.0,15.64,31.0
NB-1149,2026-01-04,23.1,30.0,15.42,30.79
NB-1149,2026-01-05,22.12,11.0,14.43,29.8
NB-1149,2026-01-06,21.14,22.0,13.46,28.83
NB-1150,2025-12-31,17.48,15.0,9.1,25.86
NB-1150,2026-01-01,18.9,17.0,10.52,27.28
NB-1150,2026-01-02,18.52,35.0,10.14,26.9
NB-1150,2026-01-03,18.6,15.0,10.21,26.98
NB-1150,2026-01-04,18.16,17.0,9.78,26.54
NB-1150,2026-01-05,18.02,17.0,9.64,26.4
NB-1150,2026-01-06,18.84,17.0,10.45,27.22
NB-1151,2025-12-31,21.93,31.0,8.1,35.76
NB-1151,2026-01-01,23.27,30.0,9.44,37.1
NB-1151,2026-01-02,23.69,7.0,9.87,37.52
NB-1151,2026-01-03,24.44,21.0,10.62,38.27
NB-1151,2026-01-04,24.94,27.0,11.11,38.77
NB-1151,2026-01-05,24.26,37.0,10.44,38.09
NB-1151,2026-01-06,22.93,13.0,9.11,36.76
NB-1152,2025-12-31,23.72,33.0,14.34,33.1
NB-1152,2026-01-01,25.39,42.0,16.01,34.77
NB-1152,2026-01-02,24.83,13.0,15.45,34.21
NB-1152,2026-01-03,26.34,25.0,16.96,35.72
NB-1152,2026-01-04,25.58,15.0,16.2,34.96
NB-1152,2026-01-05,25.97,26.0,16.59,35.35
NB-1152,2026-01-06,24.78,26.0,15.4,34.16
NB-1153,2025-12-31,58.55,70.0,37.12,79.97
NB-1153,2026-01-01,58.84,84.0,37.41,80.27
NB-1153,2026-01-02,58.04,61.0,36.61,79.46
NB-1153,2026-01-03,61.15,82.0,39.72,82.57
NB-1153,2026-01-04,59.84,56.0,38.42,81.27
NB-1153,2026-01-05,62.64,42.0,41.21,84.07
NB-1153,2026-01-06,48.84,63.0,27.41,70.27
NB-1154,2025-12-31,35.81,43.0,23.12,48.5
NB-1154,2026-01-01,37.46,56.0,24.76,50.15
NB-1154,2026-01-02,36.05,43.0,23.36,48.74
NB-1154,2026-01-03,38.56,30.0,25.87,51.25
NB-1154,2026-01-04,37.32,51.0,24.63,50.01
NB-1154,2026-01-05,38.43,46.0,25.73,51.12
NB-1154,2026-01-06,33.21,33.0,20.52,45.91
NB-1155,2025-12-31,33.21,33.0,13.99,52.42
NB-1155,2026-01-01,35.4,24.0,16.19,54.61
NB-1155,2026-01-02,34.98,23.0,15.76,54.19
NB-1155,2026-01-03,35.97,32.0,16.75,55.18
NB-1155,2026-01-04,36.12,13.0,16.9,55.33
NB-1155,2026-01-05,38.12,49.0,18.91,57.33
NB-1155,2026-01-06,31.79,28.0,12.58,51.01
NB-1156,2025-12-31,40.16,30.0,27.37,52.95
NB-1156,2026-01-01,39.96,37.0,27.17,52.75
NB-1156,2026-01-02,39.97,29.0,27.18,52.76
NB-1156,2026-01-03,40.92,41.0,28.13,53.71
NB-1156,2026-01-04,40.8,44.0,28.01,53.59
NB-1156,2026-01-05,40.04,55.0,27.25,52.83
NB-1156,2026-01-06,33.13,42.0,20.34,45.92
NB-1157,2025-12-31,28.07,41.0,12.13,44.01
NB-1157,2026-01-01,28.64,27.0,12.7,44.58
NB-1157,2026-01-02,28.31,51.0,12.37,44.26
NB-1157,2026-01-03,27.61,48.0,11.67,43.56
NB-1157,2026-01-04,26.01,26.0,10.07,41.95
NB-1157,2026-01-05,24.31,14.0,8.37,40.25
NB-1157,2026-01-06,26.07,14.0,10.13,42.02
NB-1158,2025-12-31,38.6,16.0,20.1,57.09
NB-1158,2026-01-01,39.34,40.0,20.84,57.84
NB-1158,2026-01-02,39.17,27.0,20.67,57.67
NB-1158,2026-01-03,39.78,28.0,21.28,58.28
NB-1158,2026-01-04,36.68,60.0,18.18,55.18
NB-1158,2026-01-05,36.92,45.0,18.42,55.41
NB-1158,2026-01-06,31.97,49.0,13.47,50.47
NB-1159,2025-12-31,24.08,15.0,12.61,35.55
NB-1159,2026-01-01,25.1,22.0,13.63,36.57
NB-1159,2026-01-02,25.79,21.0,14.32,37.26
NB-1159,2026-01-03,26.23,35.0,14.76,37.7
NB-1159,2026-01-04,26.03,15.0,14.56,37.5
NB-1159,2026-01-05,25.39,44.0,13.92,36.86
NB-1159,2026-01-06,23.49,28.0,12.02,34.96
NB-1160,2025-12-31,48.06,36.0,24.84,71.28
NB-1160,2026-01-01,53.75,85.0,30.53,76.98
NB-1160,2026-01-02,51.09,38.0,27.87,74.31
NB-1160,2026-01-03,50.66,49.0,27.44,73.88
NB-1160,2026-01-04,51.81,58.0,28.59,75.03
NB-1160,2026-01-05,52.08,32.0,28.86,75.3
NB-1160,2026-01-06,42.33,84.0,19.11,65.55
NB-1161,2025-12-31,10.04,5.0,4.93,15.15
NB-1161,2026-01-01,10.98,16.0,5.87,16.09
NB-1161,2026-01-02,10.58,5.0,5.47,15.69
NB-1161,2026-01-03,11.01,13.0,5.89,16.12
NB-1161,2026-01-04,10.74,5.0,5.63,15.86
NB-1161,2026-01-05,11.39,12.0,6.27,16.5
NB-1161,2026-01-06,12.12,11.0,7.01,17.24
NB-1162,2025-12-31,15.02,14.0,6.16,23.88
NB-1162,2026-01-01,15.59,35.0,6.73,24.45
NB-1162,2026-01-02,14.76,4.0,5.9,23.62
NB-1162,2026-01-03,14.66,11.0,5.8,23.51
NB-1162,2026-01-04,15.29,8.0,6.43,24.15
NB-1162,2026-01-05,15.8,25.0,6.94,24.66
NB-1162,2026-01-06,15.39,10.0,6.53,24.25
NB-1163,2025-12-31,23.13,17.0,9.49,36.77
NB-1163,2026-01-01,25.9,39.0,12.26,39.54
NB-1163,2026-01-02,24.93,23.0,11.28,38.57
NB-1163,2026-01-03,25.03,18.0,11.38,38.67
NB-1163,2026-01-04,25.83,32.0,12.19,39.48
NB-1163,2026-01-05,24.42,21.0,10.78,38.07
NB-1163,2026-01-06,24.3,14.0,10.66,37.94
NB-1164,2025-12-31,6.56,13.0,0.4,12.72
NB-1164,2026-01-01,7.06,6.0,0.9,13.22
NB-1164,2026-01-02,7.44,2.0,1.28,13.59
NB-1164,2026-01-03,7.1,10.0,0.94,13.25
NB-1164,2026-01-04,7.45,2.0,1.3,13.61
NB-1164,2026-01-05,7.03,7.0,0.87,13.19
NB-1164,2026-01-06,8.48,6.0,2.32,14.64
NB-1165,2025-12-31,56.41,77.0,26.6,86.22
NB-1165,2026-01-01,52.93,135.0,23.12,82.74
NB-1165,2026-01-02,59.17,54.0,29.36,88.98
NB-1165,2026-01-03,59.82,46.0,30.01,89.63
NB-1165,2026-01-04,58.78,87.0,28.97,88.59
NB-1165,2026-01-05,53.86,44.0,24.05,83.67
NB-1165,2026-01-06,48.01,29.0,18.2,77.82
NB-1166,2025-12-31,50.56,83.0,16.21,84.91
NB-1166,2026-01-01,61.31,137.0,26.97,95.66
NB-1166,2026-01-02,59.05,83.0,24.7,93.4
NB-1166,2026-01-03,62.3,50.0,27.95,96.65
NB-1166,2026-01-04,58.69,65.0,24.34,93.04
NB-1166,2026-01-05,60.31,53.0,25.96,94.66
NB-1166,2026-01-06,46.82,119.0,12.47,81.17
NB-1167,2025-12-31,16.3,11.0,9.6,23.01
NB-1167,2026-01-01,17.29,31.0,10.58,24.0
NB-1167,2026-01-02,16.59,23.0,9.88,23.3
NB-1167,2026-01-03,16.27,17.0,9.57,22.98
NB-1167,2026-01-04,16.03,18.0,9.32,22.74
NB-1167,2026-01-05,14.66,12.0,7.95,21.37
NB-1167,2026-01-06,16.76,8.0,10.05,23.47
NB-1168,2025-12-31,1.7,2.0,0.0,3.41
NB-1168,2026-01-01,2.65,2.0,0.93,4.36
NB-1168,2026-01-02,2.32,3.0,0.6,4.03
NB-1168,2026-01-03,2.79,0.0,1.08,4.51
NB-1168,2026-01-04,2.58,2.0,0.87,4.3
NB-1168,2026-01-05,2.65,0.0,0.94,4.37
NB-1168,2026-01-06,6.27,0.0,4.56,7.99
NB-1169,2025-12-31,46.71,39.0,29.42,64.0
NB-1169,2026-01-01,51.08,65.0,33.79,68.37
NB-1169,2026-01-02,51.52,34.0,34.23,68.81
NB-1169,2026-01-03,54.33,79.0,37.04,71.62
NB-1169,2026-01-04,51.61,28.0,34.32,68.91
NB-1169,2026-01-05,51.87,25.0,34.58,69.16
NB-1169,2026-01-06,41.93,62.0,24.64,59.22
NB-1170,2025-12-31,37.4,57.0,12.86,61.95
NB-1170,2026-01-01,39.51,64.0,14.97,64.06
NB-1170,2026-01-02,40.89,18.0,16.35,65.44
NB-1170,2026-01-03,38.96,31.0,14.41,63.51
NB-1170,2026-01-04,39.97,41.0,15.43,64.52
NB-1170,2026-01-05,39.7,43.0,15.15,64.25
NB-1170,2026-01-06,33.06,23.0,8.51,57.6
NB-1171,2025-12-31,65.55,41.0,38.45,92.65
NB-1171,2026-01-01,66.56,96.0,39.46,93.66
NB-1171,2026-01-02,71.26,36.0,44.16,98.36
NB-1171,2026-01-03,67.47,34.0,40.37,94.57
NB-1171,2026-01-04,66.78,77.0,39.68,93.88
NB-1171,2026-01-05,64.76,78.0,37.66,91.87
NB-1171,2026-01-06,57.74,83.0,30.64,84.84
NB-1172,2025-12-31,39.2,41.0,25.58,52.82
NB-1172,2026-01-01,41.82,56.0,28.2,55.44
NB-1172,2026-01-02,40.08,15.0,26.46,53.7
NB-1172,2026-01-03,41.56,35.0,27.94,55.17
NB-1172,2026-01-04,39.78,36.0,26.16,53.4
NB-1172,2026-01-05,38.38,48.0,24.77,52.0
NB-1172,2026-01-06,35.06,36.0,21.44,48.67
NB-1173,2025-12-31,42.69,61.0,25.01,60.37
NB-1173,2026-01-01,44.67,52.0,26.98,62.35
NB-1173,2026-01-02,46.21,64.0,28.52,63.89
NB-1173,2026-01-03,46.73,65.0,29.05,64.42
NB-1173,2026-01-04,47.78,51.0,30.1,65.47
NB-1173,2026-01-05,45.1,43.0,27.42,62.78
NB-1173,2026-01-06,41.61,49.0,23.93,59.3
NB-1174,2025-12-31,8.94,8.0,4.0,13.87
NB-1174,2026-01-01,9.65,6.0,4.71,14.59
NB-1174,2026-01-02,9.77,5.0,4.83,14.71
NB-1174,2026-01-03,10.22,6.0,5.28,15.16
NB-1174,2026-01-04,10.22,12.0,5.28,15.15
NB-1174,2026-01-05,10.19,14.0,5.25,15.13
NB-1174,2026-01-06,11.4,10.0,6.46,16.33
NB-1175,2025-12-31,6.0,5.0,1.51,10.49
NB-1175,2026-01-01,6.66,4.0,2.17,11.15
NB-1175,2026-01-02,6.76,5.0,2.27,11.25
NB-1175,2026-01-03,7.19,4.0,2.7,11.68
NB-1175,2026-01-04,7.92,13.0,3.43,12.41
NB-1175,2026-01-05,7.85,15.0,3.35,12.34
NB-1175,2026-01-06,8.9,6.0,4.41,13.39
NB-1176,2025-12-31,20.2,24.0,12.76,27.64
NB-1176,2026-01-01,21.89,26.0,14.45,29.33
NB-1176,2026-01-02,20.95,25.0,13.51,28.39
NB-1176,2026-01-03,21.79,33.0,14.35,29.23
NB-1176,2026-01-04,21.6,17.0,14.16,29.04
NB-1176,2026-01-05,22.06,25.0,14.62,29.5
NB-1176,2026-01-06,19.29,11.0,11.85,26.73
NB-1177,2025-12-31,10.62,2.0,3.98,17.26
NB-1177,2026-01-01,12.19,10.0,5.55,18.82
NB-1177,2026-01-02,11.77,13.0,5.13,18.4
NB-1177,2026-01-03,11.88,13.0,5.24,18.51
NB-1177,2026-01-04,11.83,14.0,5.2,18.47
NB-1177,2026-01-05,10.85,9.0,4.21,17.48
NB-1177,2026-01-06,12.38,7.0,5.74,19.02
NB-1178,2025-12-31,48.03,28.0,16.08,79.98
NB-1178,2026-01-01,53.09,40.0,21.14,85.04
NB-1178,2026-01-02,51.77,69.0,19.82,83.73
NB-1178,2026-01-03,56.39,21.0,24.44,88.34
NB-1178,2026-01-04,52.7,24.0,20.75,84.65
NB-1178,2026-01-05,50.87,28.0,18.92,82.82
NB-1178,2026-01-06,37.16,58.0,5.21,69.11
NB-1179,2025-12-31,11.15,9.0,3.98,18.32
NB-1179,2026-01-01,12.0,9.0,4.83,19.17
NB-1179,2026-01-02,12.17,10.0,5.01,19.34
NB-1179,2026-01-03,12.77,14.0,5.6,19.94
NB-1179,2026-01-04,12.28,6.0,5.11,19.45
NB-1179,2026-01-05,13.0,7.0,5.84,20.17
NB-1179,2026-01-06,11.68,29.0,4.52,18.85
NB-1180,2025-12-31,5.04,6.0,0.89,9.19
NB-1180,2026-01-01,5.66,5.0,1.5,9.81
NB-1180,2026-01-02,5.75,2.0,1.6,9.9
NB-1180,2026-01-03,5.43,3.0,1.28,9.58
NB-1180,2026-01-04,5.79,11.0,1.63,9.94
NB-1180,2026-01-05,5.22,7.0,1.07,9.37
NB-1180,2026-01-06,7.62,1.0,3.46,11.77
NB-1181,2025-12-31,31.64,18.0,19.58,43.71
NB-1181,2026-01-01,32.67,32.0,20.61,44.73
NB-1181,2026-01-02,32.58,45.0,20.51,44.64
NB-1181,2026-01-03,32.73,37.0,20.67,44.79
NB-1181,2026-01-04,31.89,41.0,19.83,43.96
NB-1181,2026-01-05,30.56,24.0,18.5,42.62
NB-1181,2026-01-06,27.34,25.0,15.28,39.4
NB-1182,2025-12-31,68.8,90.0,36.09,101.52
NB-1182,2026-01-01,65.66,89.0,32.94,98.38
NB-1182,2026-01-02,64.02,170.0,31.3,96.74
NB-1182,2026-01-03,69.99,58.0,37.27,102.7
NB-1182,2026-01-04,59.43,101.0,26.72,92.15
NB-1182,2026-01-05,64.14,60.0,31.42,96.85
NB-1182,2026-01-06,56.29,71.0,23.57,89.0
NB-1183,2025-12-31,5.04,4.0,1.87,8.21
NB-1183,2026-01-01,5.5,7.0,2.33,8.67
NB-1183,2026-01-02,5.4,4.0,2.22,8.57
NB-1183,2026-01-03,5.72,2.0,2.55,8.89
NB-1183,2026-01-04,5.43,4.0,2.25,8.6
NB-1183,2026-01-05,5.44,5.0,2.27,8.61
NB-1183,2026-01-06,8.6,2.0,5.43,11.78
NB-1184,2025-12-31,57.44,51.0,38.92,75.97
NB-1184,2026-01-01,59.65,56.0,41.13,78.17
NB-1184,2026-01-02,59.59,59.0,41.06,78.11
NB-1184,2026-01-03,61.53,83.0,43.01,80.05
NB-1184,2026-01-04,61.08,59.0,42.56,79.6
NB-1184,2026-01-05,55.22,60.0,36.7,73.74
NB-1184,2026-01-06,50.38,35.0,31.86,68.9
NB-1185,2025-12-31,47.16,50.0,30.26,64.05
NB-1185,2026-01-01,51.79,61.0,34.9,68.69
NB-1185,2026-01-02,51.37,47.0,34.48,68.27
NB-1185,2026-01-03,50.82,55.0,33.93,67.72
NB-1185,2026-01-04,51.22,35.0,34.33,68.12
NB-1185,2026-01-05,50.54,45.0,33.64,67.44
NB-1185,2026-01-06,44.9,32.0,28.0,61.79
NB-1186,2025-12-31,2.89,2.0,0.17,5.61
NB-1186,2026-01-01,3.33,3.0,0.61,6.05
NB-1186,2026-01-02,3.33,5.0,0.61,6.05
NB-1186,2026-01-03,3.66,2.0,0.94,6.38
NB-1186,2026-01-04,3.39,3.0,0.67,6.11
NB-1186,2026-01-05,3.55,8.0,0.83,6.27
NB-1186,2026-01-06,7.58,1.0,4.86,10.3
NB-1187,2025-12-31,21.34,14.0,13.81,28.87
NB-1187,2026-01-01,22.84,30.0,15.32,30.37
NB-1187,2026-01-02,22.65,22.0,15.12,30.17
NB-1187,2026-01-03,22.92,15.0,15.39,30.44
NB-1187,2026-01-04,22.99,19.0,15.46,30.52
NB-1187,2026-01-05,22.95,19.0,15.43,30.48
NB-1187,2026-01-06,21.75,34.0,14.22,29.28
NB-1188,2025-12-31,5.39,7.0,1.76,9.02
NB-1188,2026-01-01,6.14,5.0,2.51,9.76
NB-1188,2026-01-02,5.85,4.0,2.23,9.48
NB-1188,2026-01-03,6.5,0.0,2.87,10.12
NB-1188,2026-01-04,6.49,12.0,2.86,10.11
NB-1188,2026-01-05,5.99,6.0,2.36,9.62
NB-1188,2026-01-06,9.04,5.0,5.42,12.67
NB-1189,2025-12-31,39.62,41.0,21.57,57.66
NB-1189,2026-01-01,40.92,30.0,22.88,58.97
NB-1189,2026-01-02,41.38,40.0,23.34,59.43
NB-1189,2026-01-03,41.86,49.0,23.82,59.9
NB-1189,2026-01-04,43.56,38.0,25.51,61.6
NB-1189,2026-01-05,44.45,67.0,26.41,62.49
NB-1189,2026-01-06,33.18,29.0,15.13,51.22
NB-1190,2025-12-31,49.87,84.0,26.2,73.55
NB-1190,2026-01-01,53.23,90.0,29.56,76.91
NB-1190,2026-01-02,47.38,38.0,23.7,71.05
NB-1190,2026-01-03,46.23,50.0,22.55,69.9
NB-1190,2026-01-04,48.0,48.0,24.32,71.67
NB-1190,2026-01-05,48.98,50.0,25.31,72.66
NB-1190,2026-01-06,47.42,45.0,23.75,71.1
NB-1191,2025-12-31,5.84,5.0,0.0,11.8
NB-1191,2026-01-01,6.58,4.0,0.62,12.53
NB-1191,2026-01-02,6.34,6.0,0.38,12.3
NB-1191,2026-01-03,6.53,1.0,0.57,12.48
NB-1191,2026-01-04,6.39,2.0,0.44,12.35
NB-1191,2026-01-05,5.64,4.0,0.0,11.59
NB-1191,2026-01-06,8.35,3.0,2.39,14.31
NB-1192,2025-12-31,9.1,7.0,2.88,15.32
NB-1192,2026-01-01,9.91,7.0,3.69,16.13
NB-1192,2026-01-02,10.63,8.0,4.4,16.85
NB-1192,2026-01-03,10.45,9.0,4.23,16.67
NB-1192,2026-01-04,10.66,7.0,4.44,16.88
NB-1192,2026-01-05,10.85,18.0,4.63,17.07
NB-1192,2026-01-06,10.21,10.0,3.99,16.43
NB-1193,2025-12-31,1.62,0.0,0.0,3.3
NB-1193,2026-01-01,2.49,1.0,0.81,4.17
NB-1193,2026-01-02,2.49,0.0,0.81,4.17
NB-1193,2026-01-03,2.49,0.0,0.81,4.17
NB-1193,2026-01-04,2.49,0.0,0.81,4.17
NB-1193,2026-01-05,2.49,1.0,0.81,4.18
NB-1193,2026-01-06,6.81,0.0,5.13,8.49
NB-1194,2025-12-31,18.22,18.0,8.65,27.79
NB-1194,2026-01-01,19.5,29.0,9.93,29.07
NB-1194,2026-01-02,17.87,12.0,8.3,27.44
NB-1194,2026-01-03,18.21,24.0,8.64,27.79
NB-1194,2026-01-04,18.79,10.0,9.21,28.36
NB-1194,2026-01-05,19.03,12.0,9.45,28.6
NB-1194,2026-01-06,18.32,25.0,8.74,27.89
NB-1195,2025-12-31,14.18,18.0,8.88,19.48
NB-1195,2026-01-01,14.68,15.0,9.38,19.98
NB-1195,2026-01-02,14.39,17.0,9.08,19.69
NB-1195,2026-01-03,14.27,13.0,8.97,19.58
NB-1195,2026-01-04,14.47,17.0,9.17,19.77
NB-1195,2026-01-05,13.95,7.0,8.65,19.25
NB-1195,2026-01-06,14.2,16.0,8.9,19.5
NB-1196,2025-12-31,71.05,92.0,56.0,86.11
NB-1196,2026-01-01,72.06,66.0,57.01,87.12
NB-1196,2026-01-02,73.97,52.0,58.91,89.02
NB-1196,2026-01-03,69.97,81.0,54.92,85.03
NB-1196,2026-01-04,71.43,85.0,56.37,86.48
NB-1196,2026-01-05,76.37,85.0,61.32,91.43
NB-1196,2026-01-06,59.59,71.0,44.54,74.65
NB-1197,2025-12-31,40.11,33.0,27.03,53.2
NB-1197,2026-01-01,41.88,62.0,28.8,54.97
NB-1197,2026-01-02,40.76,53.0,27.67,53.84
NB-1197,2026-01-03,41.29,27.0,28.2,54.38
NB-1197,2026-01-04,40.98,44.0,27.89,54.06
NB-1197,2026-01-05,40.38,32.0,27.29,53.47
NB-1197,2026-01-06,35.35,42.0,22.26,48.44
NB-1198,2025-12-31,29.91,53.0,8.85,50.98
NB-1198,2026-01-01,34.67,15.0,13.6,55.74
NB-1198,2026-01-02,30.94,32.0,9.87,52.01
NB-1198,2026-01-03,30.53,29.0,9.46,51.6
NB-1198,2026-01-04,31.17,25.0,10.1,52.24
NB-1198,2026-01-05,30.87,44.0,9.8,51.93
NB-1198,2026-01-06,29.5,12.0,8.43,50.56
NB-1199,2025-12-31,14.0,28.0,5.21,22.8
NB-1199,2026-01-01,14.2,22.0,5.41,23.0
NB-1199,2026-01-02,14.47,13.0,5.68,23.27
NB-1199,2026-01-03,14.42,10.0,5.63,23.22
NB-1199,2026-01-04,14.86,10.0,6.06,23.65
NB-1199,2026-01-05,14.13,17.0,5.33,22.92
NB-1199,2026-01-06,14.27,8.0,5.48,23.07
