sku_id,category,subcategory,launch_date,unit_cost,list_price
NB-1000,FURNITURE,Chairs,2023-11-20,1839.68,4471.01
NB-1001,Decor,Lighting,2023-11-15,3906.15,9036.36
NB-1002,small appliances,Cleaning,2023-04-26,643.24,1248.18
NB-1003,Textiles,Cushions,2022-09-25,2628.88,6275.96
NB-1004,furniture,Tables,2022-10-15,1024.87,2116.87
NB-1005,decor,Wall Art,2022-11-14,2581.91,5963.45
NB-1006,Small Appliance,Cleaning,2023-01-28,3887.19,9608.14
NB-1007,Textile,Throws,2023-09-26,1946.88,2827.97
NB-1008,Furniture,Tables,2023-07-02,2779.74,6375.93
NB-1009,Décor,Lighting,2023-07-23,1576.27,3094.95
NB-1010,Small Appliances,Cleaning,2023-07-20,650.2,1281.44
NB-1011,textiles,Bedding,2023-02-01,1833.03,4397.83
NB-1012,FURNITURE,Tables,2023-05-29,1352.61,3244.52
NB-1013,decor,Lighting,2023-06-22,1260.06,2796.07
NB-1014,Small Appliances,Climate,2022-11-29,919.65,1295.63
NB-1015,Textile,Throws,2023-02-03,2864.89,6694.89
NB-1016,furniture,Tables,2023-09-01,2339.65,3668.0
NB-1017,Décor,Wall Art,2023-02-01,1963.72,4081.17
NB-1018,small appliances,Kitchen,2023-11-17,2593.67,5354.1
NB-1019,Textile,Cushions,2023-08-03,268.65,516.9
NB-1020,Furniture,Shelving,2023-12-15,1722.84,4176.31
NB-1021,decor,Wall Art,2023-12-03,1233.33,2161.18
NB-1022,Small Appliance,Climate,2022-08-21,2294.57,5370.85
NB-1023,textiles,Cushions,2023-06-12,3283.98,5255.57
NB-1024,Furniture,Tables,2023-01-18,496.68,1125.89
NB-1025,decor,Rugs,2023-10-13,2079.02,3290.62
NB-1026,small appliances,Climate,2023-09-04,1867.7,3468.74
NB-1027,Textile,Bedding,2023-02-20,1542.98,2322.46
NB-1028,Furniture,Tables,2023-04-29,3853.31,9595.89
NB-1029,Décor,Lighting,2023-08-22,3881.33,9060.97
NB-1030,small appliances,Kitchen,2023-11-23,1880.04,3246.25
NB-1031,textiles,Bedding,2022-10-07,1904.74,3129.18
NB-1032,Furniture,Shelving,2023-05-15,2380.0,3836.86
NB-1033,Decor,Lighting,2022-12-18,2919.93,5601.92
NB-1034,Small Appliance,Kitchen,2023-02-21,2398.78,5228.9
NB-1035,Textile,Bedding,2023-06-08,310.21,618.18
NB-1036,Furniture,Chairs,2023-10-06,706.42,1076.64
NB-1037,decor,Rugs,2023-10-08,3711.71,7784.47
NB-1038,Small Appliance,Climate,2023-10-18,2425.02,3461.39
NB-1039,textiles,Throws,2023-05-05,3163.53,4743.0
NB-1040,furniture,Chairs,2023-10-13,2039.22,5149.83
NB-1041,Décor,Rugs,2023-05-10,1177.86,2117.65
NB-1042,Small Appliance,Climate,2023-07-04,1839.81,2623.45
NB-1043,Textiles,Throws,2022-10-10,689.96,1424.66
NB-1044,Furniture,Chairs,2023-09-02,2738.12,4757.43
NB-1045,decor,Rugs,2023-01-03,3109.29,4755.0
NB-1046,small appliances,Climate,2023-10-23,1036.32,1497.37
NB-1047,textiles,Cushions,2023-06-30,3344.69,7926.59
NB-1048,Furniture,Shelving,2023-02-25,3818.66,6679.22
NB-1049,decor,Rugs,2023-08-27,3753.77,5996.76
NB-1050,Small Appliances,Climate,2023-10-18,1825.12,4728.61
NB-1051,Textiles,Throws,2022-12-23,3579.55,8849.13
NB-1052,furniture,Chairs,2023-07-18,1366.33,3178.65
NB-1053,Décor,Rugs,2023-06-29,513.7,1179.53
NB-1054,Small Appliances,Climate,2023-12-17,3756.73,6345.74
NB-1055,Textiles,Bedding,2022-11-12,740.14,1195.42
NB-1056,furniture,Tables,2023-08-14,3517.06,5752.93
NB-1057,decor,Wall Art,2022-12-09,3891.53,7786.52
NB-1058,Small Appliances,Climate,2023-08-15,203.65,341.23
NB-1059,Textiles,Bedding,2023-01-28,619.06,1242.82
NB-1060,FURNITURE,Shelving,2022-10-26,2387.3,3914.53
NB-1061,Decor,Lighting,2023-01-09,2995.09,4664.16
NB-1062,Small Appliances,Climate,2022-09-02,3721.12,6984.89
NB-1063,Textiles,Bedding,2023-05-02,2702.03,6881.39
NB-1064,Furniture,Tables,2023-03-09,3710.51,5305.4
NB-1065,Decor,Rugs,2023-02-19,557.71,874.72
NB-1066,Small Appliance,Cleaning,2023-10-03,3869.99,8186.0
NB-1067,Textile,Throws,2022-11-25,1949.42,4564.99
NB-1068,Furniture,Shelving,2023-08-29,570.2,1365.81
NB-1069,Décor,Lighting,2023-09-07,2193.46,4665.97
NB-1070,small appliances,Cleaning,2023-11-03,2471.96,4684.58
NB-1071,Textile,Cushions,2023-06-03,2659.93,6492.86
NB-1072,furniture,Chairs,2022-08-22,1104.18,1859.43
NB-1073,decor,Lighting,2022-11-19,555.32,821.8
NB-1074,Small Appliance,Climate,2023-07-26,712.77,1703.23
NB-1075,Textile,Bedding,2023-10-22,3695.74,5908.15
NB-1076,Furniture,Chairs,2023-04-06,741.41,1140.72
NB-1077,decor,Wall Art,2023-12-05,822.37,1204.0
NB-1078,Small Appliance,Climate,2022-11-13,2770.75,5187.83
NB-1079,Textile,Bedding,2023-04-24,3518.77,8520.2
NB-1080,Furniture,Tables,2023-09-09,848.77,1429.41
NB-1081,Décor,Wall Art,2023-03-22,1752.61,2557.24
NB-1082,Small Appliance,Kitchen,2023-11-16,2166.45,3297.35
NB-1083,Textiles,Throws,2023-12-07,3710.64,5636.22
NB-1084,FURNITURE,Shelving,2023-07-25,3625.21,9336.67
NB-1085,Décor,Lighting,2022-12-08,2623.56,6125.48
NB-1086,Small Appliances,Cleaning,2022-09-05,2213.86,4465.5
NB-1087,Textile,Throws,2023-05-15,1632.59,3538.6
NB-1088,Furniture,Chairs,2023-10-11,688.11,1357.95
NB-1089,Décor,Rugs,2023-09-07,1564.92,2878.94
NB-1090,Small Appliances,Cleaning,2023-09-06,1610.94,3580.95
NB-1091,Textile,Bedding,2022-09-14,3677.94,7271.63
NB-1092,Furniture,Shelving,2023-05-02,2211.42,5347.82
NB-1093,Decor,Rugs,2022-11-25,2200.98,4753.02
NB-1094,Small Appliances,Kitchen,2023-03-09,2979.34,4894.71
NB-1095,textiles,Throws,2022-10-28,658.6,1407.6
NB-1096,Furniture,Tables,2023-04-15,2944.01,4420.11
NB-1097,decor,Lighting,2023-10-25,3841.69,9070.46
NB-1098,Small Appliance,Climate,2022-09-23,3163.1,7446.37
NB-1099,Textiles,Throws,2023-08-28,2421.79,3666.73
NB-1100,furniture,Tables,2023-12-29,809.47,1682.03
NB-1101,Décor,Rugs,2023-05-14,2162.13,5009.02
NB-1102,small appliances,Cleaning,2023-10-24,2044.79,4333.96
NB-1103,Textile,Throws,2023-11-03,600.85,904.43
NB-1104,furniture,Tables,2023-09-19,1761.64,4103.19
NB-1105,decor,Lighting,2023-07-19,3608.71,8354.3
NB-1106,Small Appliances,Climate,2023-07-29,1552.14,2758.66
NB-1107,Textile,Bedding,2023-10-20,3754.09,7228.44
NB-1108,furniture,Shelving,2022-09-14,2959.29,6106.77
NB-1109,Décor,Lighting,2022-12-07,1995.57,3695.06
NB-1110,small appliances,Climate,2023-06-04,2913.38,7404.16
NB-1111,Textiles,Bedding,2022-11-02,2602.73,4024.62
NB-1112,furniture,Tables,2023-11-15,2791.47,3949.27
NB-1113,decor,Rugs,2022-11-15,1287.13,2510.24
NB-1114,Small Appliance,Kitchen,2022-12-28,1312.42,3283.85
NB-1115,textiles,Throws,2023-11-07,3988.58,9792.12
NB-1116,Furniture,Shelving,2023-02-03,3372.05,5151.49
NB-1117,Decor,Lighting,2023-02-03,2652.98,4002.1
NB-1118,small appliances,Cleaning,2023-05-20,261.65,441.93
NB-1119,Textile,Bedding,2022-12-09,913.09,2276.12
NB-1120,furniture,Chairs,2023-10-15,289.23,406.81
NB-1121,decor,Wall Art,2023-03-05,3235.7,5456.24
NB-1122,small appliances,Kitchen,2022-09-04,370.34,874.43
NB-1123,Textiles,Throws,2022-12-11,2837.77,6826.47
NB-1124,Furniture,Tables,2023-01-18,926.86,1436.55
NB-1125,Décor,Rugs,2022-12-25,2575.55,6236.33
NB-1126,Small Appliances,Climate,2023-12-25,2978.29,4859.53
NB-1127,Textiles,Bedding,2023-01-12,3923.79,8372.79
NB-1128,Furniture,Tables,2023-09-14,2522.79,3660.12
NB-1129,Décor,Lighting,2023-01-12,816.54,1233.03
NB-1130,Small Appliances,Cleaning,2023-04-05,3923.1,7651.12
NB-1131,Textiles,Throws,2023-02-17,2353.79,3705.23
NB-1132,FURNITURE,Chairs,2023-04-08,1310.17,2743.0
NB-1133,Decor,Lighting,2023-02-11,3771.29,5951.57
NB-1134,Small Appliance,Climate,2023-10-29,1705.53,3358.19
NB-1135,Textile,Bedding,2023-10-26,1220.59,2155.13
NB-1136,furniture,Tables,2022-09-03,2502.3,5408.86
NB-1137,Decor,Rugs,2023-06-11,987.87,2080.42
NB-1138,Small Appliances,Climate,2023-05-08,288.83,549.38
NB-1139,Textiles,Cushions,2023-09-11,2353.96,4893.71
NB-1140,FURNITURE,Tables,2023-02-27,2644.6,5772.95
NB-1141,Decor,Wall Art,2022-12-04,2264.21,4342.08
NB-1142,Small Appliance,Climate,2022-11-23,1538.53,3100.58
NB-1143,textiles,Throws,2022-10-15,3696.07,7408.25
NB-1144,furniture,Shelving,2023-04-17,3229.5,5739.92
NB-1145,Décor,Lighting,2023-04-29,596.05,886.01
NB-1146,small appliances,Cleaning,2023-03-25,363.94,632.07
NB-1147,textiles,Cushions,2023-10-07,1358.49,3112.61
NB-1148,Furniture,Shelving,2023-06-08,3334.62,8095.98
NB-1149,decor,Rugs,2023-10-17,2463.24,3802.27
NB-1150,Small Appliance,Climate,2023-05-22,3839.95,9962.97
NB-1151,textiles,Throws,2023-07-30,2797.51,6284.57
NB-1152,furniture,Shelving,2023-01-29,2617.42,3698.08
NB-1153,decor,Wall Art,2023-04-14,780.44,1247.99
NB-1154,small appliances,Climate,2023-09-23,3958.16,8182.16
NB-1155,Textile,Throws,2022-08-24,695.14,1347.11
NB-1156,furniture,Shelving,2023-12-12,458.19,1056.77
NB-1157,Décor,Rugs,2023-05-12,730.09,1180.64
NB-1158,small appliances,Kitchen,2023-09-27,321.9,540.61
NB-1159,Textiles,Bedding,2023-05-01,2407.81,4796.23
NB-1160,Furniture,Chairs,2022-10-31,1088.12,2624.88
NB-1161,Décor,Rugs,2023-02-11,2730.28,6321.92
NB-1162,Small Appliances,Climate,2022-10-18,1561.44,3196.94
NB-1163,Textile,Cushions,2022-11-05,2007.9,4663.05
NB-1164,FURNITURE,Shelving,2023-08-02,2093.45,5215.75
NB-1165,Decor,Rugs,2022-11-02,1461.27,2920.47
NB-1166,Small Appliance,Cleaning,2022-08-20,554.17,1040.88
NB-1167,textiles,Throws,2023-02-20,833.4,1505.64
NB-1168,Furniture,Chairs,2023-01-21,245.57,617.11
NB-1169,Décor,Rugs,2023-08-01,2454.14,3457.34
NB-1170,Small Appliances,Climate,2023-01-10,2856.68,6171.92
NB-1171,Textile,Throws,2023-02-25,1988.4,4600.6
NB-1172,FURNITURE,Tables,2023-02-24,2924.68,7475.05
NB-1173,Décor,Lighting,2022-10-25,589.3,1342.95
NB-1174,Small Appliance,Cleaning,2023-06-07,2279.45,4980.42
NB-1175,Textiles,Throws,2022-08-27,1259.68,2872.71
NB-1176,FURNITURE,Shelving,2023-08-06,1484.0,2298.19
NB-1177,Décor,Wall Art,2022-12-09,2035.34,5256.57
NB-1178,Small Appliance,Cleaning,2023-11-25,3914.98,7414.55
NB-1179,textiles,Throws,2023-11-20,2288.53,5406.59
NB-1180,FURNITURE,Chairs,2023-12-05,3316.94,4790.87
NB-1181,decor,Rugs,2023-12-08,570.74,1261.54
NB-1182,small appliances,Cleaning,2022-12-28,3128.82,7629.78
NB-1183,textiles,Throws,2022-11-27,338.51,569.18
NB-1184,furniture,Chairs,2022-09-13,3453.78,4853.94
NB-1185,Decor,Rugs,2023-01-28,263.99,496.73
NB-1186,small appliances,Cleaning,2023-06-08,2735.71,4610.19
NB-1187,textiles,Throws,2023-07-11,3435.38,6041.91
NB-1188,furniture,Shelving,2023-04-02,1678.22,2902.97
NB-1189,decor,Lighting,2023-09-30,476.52,862.65
NB-1190,small appliances,Climate,2023-02-16,3258.61,8467.47
NB-1191,Textile,Bedding,2023-06-12,676.76,1414.32
NB-1192,FURNITURE,Chairs,2023-12-02,2848.39,6022.22
NB-1193,Décor,Rugs,2022-10-01,2063.13,3221.04
NB-1194,Small Appliance,Kitchen,2023-03-30,408.59,671.06
NB-1195,Textiles,Bedding,2023-05-20,2592.98,4698.35
NB-1196,furniture,Tables,2023-04-25,3842.96,8847.86
NB-1197,decor,Rugs,2023-08-12,3603.44,6061.41
NB-1198,Small Appliances,Climate,2022-08-28,3649.9,7429.19
NB-1199,Textiles,Throws,2023-03-12,2665.74,4689.73
NB-1058,Small Appliances,Climate,2023-08-15,203.65,341.23
NB-1040,furniture,Chairs,2023-10-13,2039.22,5149.83
